65,114,0,642
65,114,0,534
65,117,0,534
65,117,0,534
65,117,0,534
65,117,0,534
65,117,1,534
65,121,2,534
65,121,2,534
65,128,2,534
65,129,2,534
65,134,2,534
65,138,3,533
65,137,4,533
65,136,5,533
65,139,6,532
65,138,7,532
65,138,7,531
65,138,7,531
65,138,7,532
65,136,9,531
67,135,10,540
67,135,10,536
67,135,10,537
67,135,10,537
67,135,10,537
67,139,11,537
67,139,11,537
66,139,11,537
66,140,11,537
66,139,12,536
66,139,12,536
66,138,13,536
66,138,13,536
66,137,18,536
66,136,19,536
66,136,19,536
66,135,20,535
66,141,20,535
66,144,21,535
66,143,22,535
66,140,25,535
66,139,26,542
66,139,26,541
66,138,27,540
66,138,27,540
66,138,26,540
66,138,26,540
66,140,27,540
66,136,31,539
66,135,32,538
68,139,32,538
68,143,33,539
68,143,33,539
68,143,33,539
68,143,33,539
68,147,34,540
68,147,34,540
68,149,35,540
68,149,35,539
68,149,35,540
68,148,36,539
68,147,37,540
68,147,37,548
68,147,37,546
68,147,37,545
68,145,39,547
68,148,40,547
68,148,40,546
68,147,41,546
71,147,42,546
71,146,43,549
71,145,44,548
71,142,47,548
71,142,47,548
71,142,47,546
73,142,47,546
73,141,48,546
75,141,48,545
75,141,48,545
75,140,49,542
75,138,51,543
74,138,51,542
75,141,51,542
77,141,51,545
77,139,53,549
77,140,53,549
77,138,55,551
77,138,55,551
77,138,55,552
77,138,55,552
77,137,56,552
77,135,58,552
77,135,58,553
77,134,59,553
78,132,61,555
78,131,62,555
78,130,62,555
78,128,64,555
78,127,65,555
78,125,67,556
78,123,69,556
78,123,69,557
78,122,70,558
78,121,71,560
78,123,71,570
78,121,73,567
78,121,73,568
78,121,73,569
81,121,73,568
81,120,74,568
81,118,76,569
81,117,77,571
81,117,77,569
81,115,79,570
81,114,80,570
81,114,80,573
81,114,80,573
81,111,83,573
81,110,84,575
81,109,85,575
81,108,86,575
81,108,84,575
81,108,84,576
81,108,84,575
81,113,83,575
80,112,84,583
80,112,84,583
80,111,85,582
82,111,85,583
82,111,85,583
82,110,86,587
84,109,87,585
84,108,88,587
84,108,88,585
84,108,88,586
86,108,89,587
86,107,90,586
85,105,92,590
85,105,92,591
85,103,94,593
85,101,95,591
85,101,95,593
85,101,95,592
85,101,94,590
85,101,94,591
85,99,96,591
84,98,97,603
86,97,98,602
86,95,98,602
86,95,98,604
86,93,100,606
86,93,100,605
89,93,98,607
89,93,97,606
88,90,100,608
88,89,100,608
87,89,100,608
87,89,99,607
87,89,98,609
86,88,98,611
87,88,98,611
87,88,98,613
87,87,99,613
86,85,101,614
86,85,101,616
86,85,101,618
86,87,101,618
86,86,102,643
86,85,103,636
86,84,104,638
86,83,104,637
86,88,103,639
86,88,103,641
86,88,103,643
86,88,103,645
86,88,102,647
86,88,101,648
85,87,102,650
85,87,102,653
85,86,102,653
84,85,102,652
84,87,101,654
84,87,101,654
84,87,101,657
84,87,99,658
84,85,100,657
84,85,99,657
84,84,98,657
84,83,97,680
84,82,98,673
84,82,98,674
82,82,97,673
82,82,97,675
85,82,97,675
85,82,97,676
85,82,95,675
85,82,95,677
84,82,95,681
84,82,95,684
84,82,94,681
84,81,93,684
87,81,93,684
87,80,94,685
87,80,94,686
87,80,94,688
87,80,93,689
87,80,93,690
86,80,92,691
86,80,91,693
86,80,90,730
86,79,91,720
86,79,89,720
87,77,91,724
87,76,91,724
87,76,91,725
87,75,91,726
87,75,90,727
87,72,93,728
87,75,93,731
86,75,92,732
86,74,92,734
86,74,92,733
86,74,92,735
86,73,93,736
86,71,95,738
86,70,95,738
86,70,94,740
86,69,95,739
86,69,95,741
86,69,95,744
86,74,94,773
86,74,94,768
86,73,95,767
86,73,95,770
86,73,95,771
86,73,93,772
85,72,94,775
85,72,92,774
84,72,90,776
84,70,92,778
84,69,93,778
84,73,92,780
84,70,95,781
84,70,95,782
84,70,95,781
84,68,95,784
83,67,96,783
83,67,94,782
84,66,95,785
84,65,96,788
84,65,95,791
84,65,95,811
83,65,95,809
83,65,94,809
83,64,94,812
81,63,93,811
81,63,93,810
81,62,94,813
80,62,93,814
79,62,93,817
79,62,92,818
79,62,92,820
79,62,92,822
79,62,92,823
79,62,92,824
82,62,92,824
82,61,93,827
81,61,93,829
81,61,93,828
81,61,92,831
81,61,91,833
81,61,91,843
81,61,90,848
81,61,88,846
81,61,88,848
81,61,88,849
81,61,88,849
81,61,87,849
81,61,86,850
81,61,85,849
81,61,84,852
81,61,84,851
84,61,84,854
84,59,85,854
83,59,85,855
82,58,84,857
82,57,84,859
81,57,82,861
81,57,81,860
80,57,80,859
80,57,80,861
80,56,81,863
83,56,81,877
83,56,81,884
83,56,80,882
83,58,78,882
83,58,77,886
83,58,76,887
84,58,76,887
84,58,76,890
84,58,76,891
84,58,76,896
84,62,76,895
84,62,76,899
84,62,76,899
84,62,75,902
84,61,76,904
84,61,74,905
84,61,74,907
84,61,74,911
84,60,75,911
83,60,74,911
83,60,72,913
83,60,72,925
83,60,71,927
83,59,72,925
83,59,72,927
83,59,72,928
83,58,73,929
85,58,73,931
85,58,72,931
85,56,74,935
90,56,74,936
90,56,74,940
90,55,72,944
90,55,72,945
90,55,71,949
90,54,71,946
90,54,71,949
90,54,71,952
90,54,71,953
89,53,72,955
89,53,70,957
89,52,70,958
89,58,70,965
90,58,70,975
90,58,68,974
90,57,68,977
90,57,68,978
90,57,67,978
93,56,68,977
93,56,67,979
93,56,67,979
93,56,66,984
91,55,66,981
91,55,66,982
91,55,65,982
93,57,65,984
92,57,65,987
92,57,65,987
92,57,65,988
95,57,65,991
94,56,66,994
94,56,66,993
94,55,67,998
94,54,67,1004
94,53,68,1012
94,53,66,1011
97,53,65,1014
97,52,65,1015
98,52,63,1020
98,52,63,1022
98,51,64,1022
98,51,64,1026
98,51,64,1028
97,50,65,1030
97,50,65,1030
97,49,65,1031
97,49,65,1032
97,49,65,1035
97,50,65,1034
97,50,65,1037
97,50,64,1038
97,49,65,1038
97,49,65,1039
97,49,64,1041
97,49,64,1050
97,49,64,1060
97,48,65,1056
97,48,65,1060
96,48,65,1060
96,48,65,1059
95,48,64,1060
95,48,64,1062
95,48,64,1068
95,48,64,1067
95,48,63,1068
95,48,62,1073
95,48,61,1074
95,48,61,1076
95,48,60,1080
95,48,59,1080
94,48,59,1082
94,48,58,1082
94,48,57,1083
94,47,56,1086
94,47,56,1089
93,47,56,1097
93,47,55,1109
93,47,55,1110
93,48,54,1110
96,48,54,1114
96,48,53,1116
96,47,54,1117
96,46,55,1121
96,46,55,1121
96,45,56,1121
95,45,55,1123
95,45,55,1126
95,45,55,1130
98,45,54,1133
98,45,54,1137
97,45,54,1137
97,45,53,1137
97,45,53,1137
96,45,53,1140
96,45,53,1141
96,45,53,1145
96,45,53,1152
96,45,53,1166
95,45,53,1167
95,45,53,1171
95,44,53,1168
95,44,52,1171
95,44,51,1171
96,44,50,1175
96,44,50,1176
96,44,50,1177
95,44,50,1180
95,44,48,1182
95,44,47,1183
95,43,48,1184
94,43,48,1183
94,43,48,1185
94,43,48,1188
94,43,48,1189
94,43,48,1194
94,43,48,1203
96,43,48,1202
96,43,48,1207
96,43,47,1217
96,43,47,1215
96,43,47,1219
95,43,47,1216
95,43,47,1217
95,43,47,1221
95,43,47,1220
94,43,47,1224
94,43,47,1224
94,43,47,1228
94,43,47,1228
93,43,47,1231
93,43,46,1231
93,43,44,1230
93,43,44,1232
93,43,40,1233
93,47,39,1238
93,47,39,1242
93,47,39,1239
93,47,39,1242
92,47,39,1249
92,47,39,1263
92,47,39,1261
92,47,39,1259
92,47,39,1261
92,47,39,1262
92,47,39,1265
90,47,39,1272
90,47,39,1271
90,47,39,1272
90,46,39,1274
90,46,39,1278
90,46,39,1278
90,46,38,1280
92,46,38,1283
92,46,38,1282
92,46,38,1284
91,46,37,1290
91,46,37,1290
94,46,37,1292
94,46,37,1292
94,46,37,1303
94,45,37,1314
94,44,38,1317
94,44,38,1320
94,44,37,1320
96,43,38,1320
96,43,38,1322
96,43,38,1323
95,43,38,1326
94,43,38,1330
93,45,38,1334
93,45,37,1335
93,45,37,1337
95,45,35,1341
95,44,36,1344
95,44,36,1343
95,43,37,1347
95,43,37,1351
94,43,36,1357
97,43,36,1359
96,43,36,1369
96,43,36,1371
95,43,36,1374
95,43,35,1379
95,43,34,1382
97,43,33,1390
97,43,33,1390
97,43,33,1392
96,43,33,1395
95,43,33,1399
95,43,32,1398
95,43,32,1402
95,43,32,1403
95,42,33,1406
94,41,34,1412
93,41,34,1415
93,41,34,1421
92,41,34,1419
92,41,34,1422
92,41,34,1424
92,41,34,1425
91,41,34,1428
91,41,33,1438
91,41,33,1442
91,41,32,1444
90,41,32,1448
90,41,32,1450
90,40,33,1453
93,40,33,1457
93,40,32,1459
93,39,33,1459
93,39,33,1461
93,39,33,1464
93,39,32,1468
93,39,32,1470
93,39,32,1475
93,39,32,1475
93,39,32,1475
93,39,32,1479
93,38,33,1482
95,38,33,1482
94,38,31,1482
94,38,31,1480
93,38,31,1492
93,38,31,1493
93,38,31,1492
93,38,30,1498
93,38,30,1502
92,38,29,1504
92,38,29,1504
92,37,30,1505
92,37,30,1510
92,37,30,1514
91,37,30,1515
91,37,30,1518
91,37,30,1519
91,37,29,1523
91,37,29,1528
91,37,29,1527
90,37,29,1531
90,37,29,1535
90,37,29,1543
90,37,29,1550
90,36,30,1553
90,36,30,1563
90,36,30,1565
90,35,31,1565
90,35,31,1569
90,35,31,1574
90,35,31,1573
90,35,30,1575
90,35,30,1577
89,35,30,1584
89,35,30,1587
89,35,30,1586
89,39,28,1589
89,39,28,1595
89,39,28,1599
89,39,27,1599
89,39,27,1605
89,39,26,1612
89,38,27,1615
89,38,26,1620
89,38,26,1622
89,38,26,1623
89,38,26,1634
90,38,26,1642
90,38,25,1648
89,38,24,1650
89,38,23,1655
89,38,23,1657
89,38,23,1658
91,38,23,1664
91,38,23,1668
91,38,22,1669
91,38,22,1674
91,38,22,1676
91,38,22,1679
91,38,22,1680
91,38,22,1683
91,38,22,1685
91,38,21,1689
91,38,21,1694
91,38,20,1696
90,38,20,1704
91,38,20,1707
91,38,20,1716
91,38,20,1724
90,38,20,1722
90,38,20,1725
89,38,20,1727
91,38,20,1729
91,38,20,1732
91,38,19,1734
91,38,19,1738
91,38,19,1736
91,38,19,1739
91,37,19,1743
91,37,19,1746
90,37,19,1748
90,37,19,1749
90,37,19,1751
90,37,19,1752
90,37,19,1756
90,39,19,1760
90,39,19,1757
90,39,19,1764
92,39,19,1773
92,39,19,1778
92,39,19,1781
92,39,19,1785
92,39,19,1788
94,39,19,1790
94,39,19,1790
94,39,19,1792
93,39,19,1794
93,44,19,1796
93,44,19,1797
93,44,19,1799
93,44,19,1804
93,44,19,1806
93,44,19,1811
93,44,19,1811
93,44,18,1812
93,44,18,1817
93,46,17,1823
93,46,17,1827
93,45,17,1833
93,45,17,1837
93,45,17,1843
93,45,17,1846
93,45,17,1845
93,45,17,1848
93,45,17,1849
93,50,16,1852
93,50,16,1857
93,50,15,1860
93,50,15,1860
93,50,15,1870
93,50,15,1873
92,50,15,1877
92,50,15,1880
92,50,15,1880
92,50,15,1890
92,50,15,1889
92,50,15,1897
92,50,14,1897
92,50,14,1900
92,50,14,1905
93,50,14,1914
93,49,14,1916
92,49,14,1918
92,49,14,1923
95,49,13,1927
95,49,13,1928
95,49,13,1928
95,49,13,1929
95,49,13,1933
94,49,13,1935
94,49,13,1934
94,49,13,1939
95,49,12,1942
97,49,12,1946
97,49,12,1949
97,49,11,1952
97,49,11,1957
97,49,10,1960
100,49,10,1964
100,49,10,1968
100,48,11,1973
103,51,11,1976
103,51,11,1988
103,53,12,1989
103,53,12,1988
103,53,12,1991
103,53,12,1995
102,53,12,1999
102,53,12,2004
102,53,12,2008
102,53,12,2007
102,53,12,2012
102,53,12,2013
102,52,13,2020
105,52,13,2023
108,50,15,2025
108,50,15,2030
108,50,15,2039
108,50,15,2045
108,50,15,2043
108,50,15,2047
108,50,15,2060
108,50,15,2065
108,49,16,2068
108,49,16,2070
107,49,16,2075
107,49,16,2077
106,53,16,2084
105,53,16,2082
104,53,16,2089
102,53,16,2089
102,53,16,2094
101,53,16,2097
101,53,16,2100
101,53,16,2104
101,53,16,2104
101,53,15,2109
101,53,15,2111
102,53,15,2112
102,53,15,2117
101,53,15,2116
101,53,15,2120
101,53,15,2126
101,53,15,2135
101,53,15,2133
101,53,15,2136
100,53,15,2139
100,53,15,2142
100,53,15,2151
100,53,15,2150
100,53,15,2155
100,52,16,2156
99,52,16,2162
97,52,16,2169
97,52,16,2170
97,52,15,2174
97,52,15,2173
97,52,15,2178
97,52,15,2181
97,52,15,2186
97,52,15,2192
97,51,16,2197
96,51,16,2199
96,51,16,2203
96,51,15,2209
98,51,15,2210
98,51,15,2219
97,51,15,2220
97,51,15,2222
97,55,15,2224
97,55,15,2224
97,55,15,2229
97,55,15,2236
97,55,15,2241
97,55,15,2244
97,55,15,2249
97,55,15,2251
97,55,15,2254
97,55,14,2256
97,55,14,2261
97,55,14,2267
97,55,14,2267
97,55,14,2271
97,55,13,2274
98,55,13,2275
98,55,13,2279
97,55,12,2288
97,55,12,2294
97,55,12,2300
97,55,12,2298
96,55,11,2300
96,55,11,2306
96,55,11,2304
96,54,12,2315
96,54,12,2315
95,54,11,2321
95,54,11,2325
95,54,11,2323
98,54,11,2327
98,54,11,2329
97,54,11,2328
97,54,10,2338
97,53,11,2339
97,53,11,2344
97,53,11,2349
97,54,11,2352
96,54,11,2353
96,54,11,2364
95,54,11,2368
95,54,10,2372
95,54,10,2375
95,54,10,2377
95,54,10,2383
95,54,10,2386
95,54,10,2385
95,57,10,2389
93,57,10,2393
92,57,10,2396
91,57,10,2402
91,57,10,2403
91,56,11,2406
91,56,11,2409
90,56,11,2413
93,56,11,2425
93,56,11,2423
93,56,11,2427
93,56,11,2429
93,56,11,2432
93,56,11,2441
93,56,11,2443
96,56,11,2443
96,56,11,2445
96,56,11,2448
96,57,11,2451
96,57,11,2455
98,57,11,2460
97,57,11,2465
96,57,11,2471
95,57,11,2476
95,56,12,2475
95,56,12,2481
95,59,12,2487
95,59,12,2487
95,59,12,2487
95,59,12,2494
95,59,12,2493
95,59,12,2498
94,59,12,2500
94,59,12,2504
94,59,12,2508
94,59,12,2512
94,59,12,2517
94,59,12,2517
94,59,12,2526
94,59,11,2524
94,59,11,2530
94,59,11,2534
94,59,11,2535
96,59,11,2541
96,59,11,2542
96,59,11,2550
96,59,11,2553
95,59,11,2559
95,59,11,2563
95,58,12,2569
93,58,12,2576
93,58,12,2581
93,58,12,2588
93,58,12,2599
93,58,12,2605
93,58,12,2609
93,58,12,2614
93,58,12,2623
93,61,12,2620
93,61,12,2624
93,61,12,2627
93,61,12,2633
93,61,12,2641
93,61,12,2641
93,61,12,2651
93,61,12,2652
93,61,12,2658
93,66,12,2659
92,69,12,2667
92,69,12,2668
92,69,12,2672
92,69,12,2679
92,69,12,2683
92,69,12,2684
95,69,12,2691
95,69,12,2697
95,69,12,2701
95,69,12,2697
95,69,11,2698
94,72,11,2705
94,72,11,2702
94,72,11,2702
93,72,11,2702
93,72,11,2702
93,72,11,2702
92,72,11,2702
92,72,11,2700
92,72,11,2699
92,72,11,2705
92,71,12,2704
95,73,12,2703
96,73,12,2702
95,73,12,2702
95,73,12,2702
95,73,12,2702
95,73,12,2702
95,73,12,2702
94,73,12,2701
94,73,12,2701
94,73,12,2701
94,73,12,2701
94,73,12,2700
94,72,13,2700
94,77,13,2699
94,77,13,2704
94,77,13,2703
94,77,13,2703
93,77,13,2703
92,77,13,2703
92,77,13,2703
92,77,13,2702
91,77,13,2702
91,77,13,2702
93,77,13,2702
92,77,13,2702
92,77,13,2702
92,77,13,2702
91,77,13,2702
90,77,13,2702
90,77,13,2702
93,77,13,2702
93,77,13,2702
93,81,13,2700
93,81,13,2699
92,81,13,2704
92,81,13,2703
92,81,13,2703
92,81,13,2703
94,81,13,2703
94,81,13,2703
93,81,12,2703
93,81,12,2703
93,81,12,2702
93,81,11,2702
93,81,11,2702
93,81,11,2702
93,81,11,2702
93,81,11,2702
92,81,11,2702
91,81,11,2702
91,81,11,2702
91,81,11,2702
91,81,11,2702
91,81,11,2702
90,81,11,2702
90,81,11,2702
90,81,11,2702
89,81,11,2702
89,81,11,2702
89,81,11,2702
89,81,11,2702
88,81,11,2701
88,81,11,2701
88,81,11,2701
87,81,11,2701
86,81,11,2700
86,80,12,2699
85,80,12,2705
84,80,12,2698
84,80,12,2703
84,80,12,2701
84,80,12,2701
84,80,12,2701
84,80,12,2701
84,80,12,2701
84,80,12,2701
84,80,12,2701
87,80,12,2701
87,80,12,2700
86,81,13,2700
86,81,13,2700
86,81,13,2700
86,81,13,2699
86,81,13,2701
85,81,13,2700
83,81,12,2700
82,80,13,2698
82,80,13,2705
82,80,13,2703
82,80,13,2702
81,80,13,2702
80,80,13,2702
80,80,13,2702
80,85,13,2701
80,85,13,2701
80,85,13,2701
79,85,12,2701
79,85,12,2701
79,85,12,2701
79,85,12,2701
79,85,12,2701
79,85,12,2701
79,85,12,2701
79,88,12,2701
79,88,12,2699
79,88,11,2704
79,88,11,2701
79,88,11,2701
79,88,11,2701
78,88,11,2701
78,88,11,2701
78,88,11,2701
78,88,11,2701
77,88,11,2701
77,88,11,2701
77,87,12,2701
75,87,12,2701
74,87,11,2701
74,87,11,2701
73,87,11,2701
72,87,11,2701
71,87,11,2701
71,87,11,2700
71,90,11,2700
71,90,11,2700
71,90,11,2700
71,90,11,2700
71,93,11,2698
71,93,11,2704
70,93,11,2704
70,93,11,2704
70,93,11,2704
70,93,11,2704
70,93,11,2704
70,93,11,2704
70,93,11,2703
70,95,11,2703
70,95,11,2702
69,97,12,2702
69,97,12,2700
69,97,12,2700
69,97,12,2700
69,97,12,2700
72,97,12,2700
72,97,12,2700
72,97,12,2700
72,97,12,2700
72,97,12,2700
70,99,12,2700
69,99,12,2699
69,99,12,2703
69,99,12,2700
69,99,12,2700
69,99,12,2700
69,99,12,2700
69,100,12,2699
68,100,12,2706
68,100,12,2705
68,100,11,2705
68,100,11,2705
68,100,11,2705
68,100,11,2705
68,100,11,2705
68,100,11,2705
68,100,11,2705
68,100,11,2705
68,100,11,2705
68,102,11,2705
68,102,11,2705
68,102,11,2704
68,102,11,2704
68,102,11,2704
68,102,11,2702
68,102,11,2702
68,102,11,2702
68,102,11,2702
68,102,11,2702
68,107,11,2701
68,107,10,2701
68,107,10,2701
68,107,10,2701
68,107,10,2701
68,107,10,2700
67,107,10,2700
67,108,10,2699
67,108,10,2704
67,108,10,2703
67,108,9,2703
67,108,9,2703
67,108,9,2703
67,108,9,2702
67,108,9,2702
67,108,9,2702
69,108,9,2702
69,108,9,2701
69,108,9,2701
69,108,9,2700
69,108,9,2700
69,108,9,2700
69,108,9,2700
69,108,9,2699
69,108,9,2705
69,108,9,2703
69,108,9,2703
69,108,9,2703
69,112,10,2702
69,112,10,2702
69,112,10,2702
69,112,10,2702
69,112,10,2702
69,112,10,2702
69,112,10,2702
69,117,10,2702
69,117,10,2701
68,117,10,2700
68,117,10,2700
68,117,10,2700
67,117,10,2699
67,117,9,2707
67,117,9,2703
67,122,9,2702
67,122,9,2702
67,122,9,2702
67,122,9,2702
66,122,9,2701
66,122,9,2700
66,122,9,2700
66,122,9,2700
66,121,10,2700
66,121,10,2700
66,121,10,2699
66,121,10,2706
66,121,10,2702
66,122,10,2702
66,122,10,2702
66,124,12,2701
65,124,12,2701
65,124,12,2701
65,124,12,2700
65,124,12,2699
65,124,12,2703
65,124,12,2701
65,124,12,2701
65,124,12,2701
65,124,12,2700
65,124,12,2700
65,124,12,2700
65,124,12,2699
64,124,12,2701
64,126,12,2699
64,126,12,2703
64,126,12,2701
64,125,13,2701
64,125,13,2699
64,125,13,2707
64,125,13,2705
64,125,13,2705
64,125,13,2705
63,124,14,2704
63,124,14,2704
63,124,14,2703
63,124,14,2703
63,124,14,2703
62,124,14,2703
62,124,14,2703
62,127,14,2703
62,127,14,2703
62,129,14,2703
62,133,14,2703
62,133,14,2703
61,133,14,2703
61,133,14,2703
61,133,14,2703
61,133,14,2703
61,133,13,2703
62,133,13,2701
62,133,12,2700
62,133,12,2700
62,136,12,2700
62,136,12,2700
62,136,12,2699
62,141,12,2705
62,141,12,2704
62,144,12,2704
62,144,12,2704
62,144,12,2704
62,144,12,2703
62,144,12,2703
62,144,12,2702
62,145,12,2702
62,145,12,2701
62,144,13,2701
61,144,13,2701
61,144,13,2701
60,144,13,2701
60,145,13,2701
60,145,13,2701
60,145,13,2701
60,145,13,2701
60,145,13,2700
60,145,13,2699
60,145,13,2708
60,145,13,2705
60,145,13,2705
60,145,13,2705
60,145,12,2705
60,145,12,2705
60,150,12,2705
61,150,11,2705
60,150,11,2703
60,150,11,2703
60,155,11,2703
59,155,11,2703
59,155,11,2703
59,155,11,2703
59,155,11,2703
59,155,11,2703
59,155,11,2703
59,155,11,2701
59,155,11,2700
59,155,11,2699
59,155,11,2704
59,155,11,2700
59,155,11,2700
59,155,11,2700
59,155,11,2700
58,159,11,2700
58,159,11,2699
58,159,11,2703
58,159,11,2698
58,159,11,2703
58,158,12,2702
57,158,12,2702
57,158,12,2702
57,158,12,2701
57,158,12,2700
57,158,12,2699
56,158,12,2707
54,158,12,2705
54,158,11,2705
54,157,12,2705
54,157,12,2704
54,157,12,2703
54,157,12,2703
54,157,12,2703
54,157,12,2703
54,157,12,2703
54,159,12,2703
54,159,12,2703
54,159,12,2702
54,159,12,2702
54,159,12,2702
54,159,12,2701
54,159,12,2700
54,159,12,2700
54,159,12,2699
54,159,12,2706
54,158,13,2704
54,158,13,2704
54,158,13,2704
54,158,13,2703
53,158,13,2702
52,162,13,2701
52,162,13,2701
52,162,13,2700
54,162,13,2700
54,162,13,2699
53,162,13,2701
53,162,13,2701
53,162,12,2699
53,164,12,2708
53,170,12,2706
53,170,12,2705
53,172,12,2704
53,172,12,2703
53,172,12,2703
53,172,12,2702
53,172,12,2700
53,172,12,2700
53,171,13,2699
53,171,13,2706
53,170,14,2704
53,171,14,2704
53,171,14,2703
52,173,16,2703
52,180,16,2703
52,180,16,2703
52,179,17,2700
52,179,17,2700
52,179,17,2698
52,179,17,2704
52,179,17,2703
51,179,18,2703
51,179,18,2703
50,179,19,2702
49,179,18,2702
49,179,18,2698
49,179,18,2704
48,179,17,2701
48,179,17,2701
48,183,17,2701
48,183,17,2700
48,183,17,2700
48,183,17,2699
48,183,17,2706
48,183,17,2702
48,183,17,2701
48,183,17,2700
48,183,17,2698
48,187,17,2701
48,187,17,2698
47,187,17,2710
47,187,17,2703
47,187,17,2703
46,187,17,2703
46,187,17,2703
46,188,17,2703
45,188,17,2702
44,193,17,2701
44,193,17,2701
43,193,17,2701
43,193,17,2701
43,193,17,2700
43,193,17,2699
43,193,17,2702
43,198,15,2701
43,198,15,2700
43,198,15,2697
43,198,15,2703
43,201,15,2701
43,201,15,2699
43,201,15,2703
43,201,15,2702
43,201,15,2701
43,204,15,2701
43,207,15,2700
42,209,15,2700
42,213,15,2700
42,213,15,2699
42,213,15,2700
42,215,15,2699
44,215,15,2703
44,215,15,2697
44,215,15,2705
44,215,15,2703
44,215,15,2702
44,215,15,2700
44,215,15,2699
44,215,15,2706
43,215,15,2701
43,217,15,2701
43,216,16,2699
43,216,16,2703
43,216,16,2700
43,216,16,2699
43,216,16,2701
44,216,16,2699
44,216,16,2705
44,216,16,2701
44,218,16,2701
44,218,16,2699
43,220,16,2703
42,220,16,2700
41,223,16,2698
40,223,16,2703
40,223,16,2699
40,228,16,2703
40,228,16,2700
40,228,16,2700
40,231,16,2698
39,231,16,2700
38,235,15,2698
38,235,15,2700
38,235,15,2697
38,235,15,2702
38,240,15,2699
38,239,16,2703
38,241,16,2698
38,241,15,2704
38,241,15,2701
37,241,15,2701
37,241,15,2699
37,244,15,2707
37,244,15,2701
36,244,15,2700
36,247,15,2700
35,247,15,2699
35,247,15,2706
35,247,15,2702
35,247,15,2701
35,247,15,2700
35,247,15,2700
35,247,15,2698
35,247,15,2700
35,247,15,2698
35,249,15,2703
34,249,15,2701
34,249,15,2701
34,249,15,2700
34,249,15,2699
34,249,15,2703
33,249,15,2700
33,249,15,2699
33,250,15,2706
33,251,15,2701
33,251,15,2700
33,251,15,2696
33,251,15,2703
33,251,15,2699
33,264,15,2706
33,264,15,2699
33,269,15,2704
33,269,15,2700
33,269,15,2699
33,273,15,2702
33,273,15,2698
33,273,15,2702
33,273,15,2696
33,273,14,2700
33,275,14,2696
33,275,14,2700
32,275,13,2698
32,275,13,2695
31,275,13,2698
31,275,12,2700
31,280,12,2698
31,285,12,2705
31,285,11,2699
31,285,11,2706
31,288,11,2704
31,288,11,2703
31,292,11,2702
31,292,11,2702
31,292,11,2701
31,292,11,2700
31,292,11,2700
31,292,11,2698
31,292,11,2701
31,292,11,2698
31,292,11,2707
31,292,11,2702
31,292,11,2699
31,292,11,2703
31,291,12,2702
31,291,12,2701
31,291,12,2698
31,291,12,2696
31,294,12,2700
30,294,12,2698
30,295,12,2703
30,299,12,2701
30,299,12,2700
30,299,12,2699
30,299,12,2701
30,299,12,2697
30,304,12,2704
30,304,12,2701
30,304,12,2701
30,304,12,2699
30,306,12,2704
30,309,12,2700
30,309,12,2699
30,310,12,2705
30,310,11,2702
30,310,10,2702
30,310,10,2702
30,310,10,2701
29,310,10,2701
29,310,10,2697
29,309,11,2699
29,309,11,2699
29,309,11,2703
29,309,11,2698
29,309,11,2702
29,309,11,2696
29,309,11,2700
29,309,11,2696
29,313,11,2700
29,321,11,2698
29,326,11,2703
29,326,11,2699
29,330,11,2703
29,331,12,2698
28,335,12,2705
28,335,12,2702
27,335,12,2700
25,340,12,2699
25,340,12,2700
25,340,12,2699
25,340,11,2699
25,339,12,2706
25,339,12,2702
25,340,12,2701
24,343,12,2698
24,347,12,2700
24,352,12,2696
24,352,12,2696
23,352,12,2697
23,352,12,2702
23,352,12,2700
23,352,12,2700
23,352,12,2700
22,356,12,2697
22,362,12,2700
22,362,12,2696
21,362,12,2700
21,362,12,2698
21,362,12,2698
21,362,12,2693
21,362,12,2696
21,362,12,2693
21,370,12,2693
21,370,12,2700
21,374,12,2696
21,374,12,2697
21,374,12,2702
21,374,12,2698
21,377,12,2699
21,381,12,2699
21,381,12,2701
21,383,12,2697
21,383,12,2696
21,383,12,2701
21,393,12,2696
21,393,12,2696
21,396,12,2699
21,400,12,2694
21,400,12,2690
21,400,12,2687
21,400,12,2687
21,400,12,2685
21,406,11,2684
20,406,11,2683
20,406,11,2684
19,411,11,2683
19,415,12,2689
19,415,12,2685
19,415,12,2688
19,415,12,2686
19,414,13,2688
19,414,13,2684
19,414,13,2690
19,417,13,2689
19,419,13,2690
18,424,13,2691
18,432,13,2690
18,436,13,2690
18,436,12,2688
18,436,12,2684
18,436,12,2688
18,440,12,2684
18,443,12,2685
18,451,12,2679
18,456,12,2677
17,456,12,2682
16,458,12,2685
16,458,12,2679
16,459,12,2678
16,459,12,2676
16,459,12,2675
16,464,12,2670
16,464,12,2666
16,464,12,2662
16,464,12,2662
16,464,12,2658
16,469,12,2660
15,469,12,2660
15,476,12,2661
15,476,12,2658
15,484,12,2656
15,485,12,2655
14,483,14,2654
14,486,14,2651
14,492,14,2650
14,495,14,2651
14,495,14,2653
14,495,15,2654
13,495,15,2653
13,495,15,2650
13,495,15,2651
13,495,15,2647
12,495,15,2642
12,495,15,2639
12,497,15,2630
12,497,15,2628
12,497,15,2626
12,497,15,2622
11,497,15,2622
11,497,15,2622
11,498,15,2624
11,498,15,2619
11,504,15,2618
11,508,15,2614
11,508,15,2605
11,508,15,2606
11,512,15,2602
13,512,15,2603
13,514,15,2604
13,514,15,2600
13,516,15,2598
13,516,15,2598
13,521,15,2595
13,524,15,2598
13,530,16,2591
13,530,16,2590
13,535,16,2585
13,542,16,2583
13,542,16,2580
13,542,16,2576
13,554,16,2573
13,555,16,2571
13,559,16,2571
13,559,16,2570
13,559,16,2566
13,558,17,2564
13,563,17,2558
13,563,16,2560
13,563,16,2554
13,563,16,2550
13,564,15,2549
13,566,15,2548
13,566,15,2544
13,566,15,2543
13,568,15,2538
13,568,14,2532
13,570,14,2528
13,575,14,2524
13,573,16,2522
13,577,16,2520
13,577,16,2515
13,580,16,2508
13,583,16,2503
13,585,15,2497
13,585,15,2493
13,586,14,2489
13,586,14,2486
13,590,14,2479
13,591,14,2477
13,598,14,2471
13,598,15,2466
13,598,15,2462
13,600,16,2461
13,600,16,2457
13,600,16,2451
13,600,16,2447
13,608,16,2447
13,611,16,2441
13,612,17,2436
13,616,17,2431
13,619,18,2425
13,622,18,2419
13,622,18,2413
12,626,18,2406
12,630,18,2402
12,632,18,2398
12,631,19,2397
12,636,20,2392
12,647,20,2387
12,651,21,2385
12,651,21,2381
11,656,21,2377
10,656,20,2372
10,656,20,2365
10,658,24,2359
10,658,24,2355
10,658,24,2351
10,668,24,2347
10,668,24,2345
10,668,24,2340
10,669,25,2333
10,674,25,2328
10,673,26,2318
10,673,26,2309
10,677,26,2302
10,681,26,2296
10,686,26,2294
10,691,26,2289
10,691,26,2291
10,702,26,2286
9,702,26,2279
9,704,26,2269
9,704,26,2266
9,704,26,2264
9,704,26,2255
12,704,26,2254
12,708,26,2244
12,712,27,2238
12,714,27,2233
11,714,27,2225
11,716,27,2219
11,724,27,2210
10,730,26,2209
10,743,26,2204
10,743,26,2196
10,746,26,2192
10,747,26,2188
10,754,27,2184
10,756,27,2176
10,764,27,2172
10,764,27,2167
10,773,27,2159
10,777,27,2155
10,781,28,2150
10,784,27,2140
10,786,27,2133
10,790,28,2130
9,793,28,2120
9,798,28,2117
9,807,28,2113
9,810,28,2107
9,810,28,2099
9,819,28,2088
9,833,28,2081
9,832,29,2077
9,836,29,2069
9,835,30,2065
9,840,30,2057
8,841,29,2048
8,840,30,2040
8,847,30,2032
8,851,31,2023
8,866,32,2010
8,872,33,2003
8,871,34,1997
8,874,36,1994
8,888,36,1985
8,890,36,1983
8,890,36,1980
8,895,38,1969
8,895,39,1962
8,899,38,1954
8,904,38,1947
7,911,37,1937
7,911,37,1928
7,917,37,1922
7,923,37,1914
7,928,37,1906
7,926,39,1897
7,929,39,1886
7,933,39,1880
7,936,41,1873
7,939,41,1866
7,939,41,1860
6,947,41,1853
6,950,41,1844
6,955,40,1832
6,955,40,1826
6,955,41,1819
6,960,43,1810
6,963,44,1803
6,965,45,1792
6,969,45,1787
6,972,45,1779
6,976,45,1767
6,977,45,1758
6,988,45,1754
6,993,45,1737
6,993,45,1731
6,996,46,1726
6,997,47,1714
6,997,47,1709
6,998,46,1702
6,1001,45,1691
6,1001,45,1685
6,1001,45,1673
6,1001,46,1660
6,1001,47,1657
6,1005,47,1643
6,1007,47,1638
6,1007,47,1632
6,1009,47,1627
6,1016,49,1622
6,1015,50,1612
6,1023,50,1605
6,1032,50,1598
6,1033,52,1588
6,1033,52,1574
6,1044,52,1567
6,1044,52,1558
6,1049,52,1548
6,1051,53,1541
6,1058,54,1527
6,1061,55,1509
6,1068,55,1500
6,1074,55,1492
6,1078,55,1476
6,1082,55,1470
6,1083,57,1459
6,1089,57,1451
6,1091,59,1440
6,1091,59,1436
6,1088,61,1425
6,1093,63,1420
6,1102,64,1404
6,1106,65,1392
6,1106,65,1381
6,1117,65,1372
6,1118,66,1365
6,1121,68,1353
6,1120,70,1347
6,1125,71,1338
6,1139,72,1330
6,1147,72,1323
6,1151,74,1315
6,1151,74,1307
6,1153,76,1299
6,1154,77,1293
6,1167,77,1283
6,1170,77,1277
6,1170,77,1270
6,1175,77,1264
6,1181,75,1256
6,1186,77,1250
6,1188,78,1242
6,1200,79,1233
6,1211,78,1223
6,1212,80,1219
6,1216,82,1211
6,1227,83,1202
6,1235,83,1192
6,1239,83,1182
6,1247,84,1175
6,1254,84,1166
6,1256,86,1159
6,1255,87,1156
6,1254,88,1151
6,1256,90,1144
6,1260,90,1139
6,1262,93,1132
6,1266,91,1127
6,1277,92,1121
6,1275,94,1114
6,1276,98,1106
6,1278,100,1099
6,1278,100,1092
6,1287,101,1083
6,1293,101,1079
6,1300,100,1073
6,1303,101,1067
6,1302,102,1060
6,1310,105,1054
6,1312,108,1050
6,1318,111,1043
6,1324,112,1036
6,1325,114,1029
6,1326,116,1018
6,1322,120,1011
6,1330,120,1006
6,1331,121,992
6,1329,122,982
6,1333,124,972
6,1335,128,966
6,1338,130,962
6,1346,129,954
6,1363,130,943
6,1367,132,934
6,1366,135,932
6,1376,136,922
7,1380,141,912
7,1389,142,906
7,1397,141,901
7,1401,142,893
7,1404,142,886
7,1406,144,879
7,1410,145,875
7,1416,148,869
7,1416,150,860
7,1427,153,855
7,1439,156,849
7,1434,162,843
7,1436,165,841
6,1438,165,836
6,1442,164,827
6,1454,164,820
6,1460,167,813
6,1464,166,804
6,1473,166,794
6,1482,166,788
6,1496,168,782
6,1503,168,773
6,1509,169,772
6,1508,171,767
6,1507,175,762
6,1509,177,755
6,1517,180,749
6,1520,182,745
6,1522,184,734
6,1524,188,727
6,1534,188,718
6,1541,191,712
6,1547,191,709
6,1549,192,705
6,1565,194,702
6,1564,197,694
6,1563,201,688
6,1564,202,682
6,1589,204,675
6,1596,206,667
6,1619,207,659
6,1630,208,652
6,1650,211,644
6,1654,212,637
6,1659,212,633
6,1669,212,629
6,1680,214,621
6,1691,219,615
6,1696,220,612
6,1702,222,609
6,1701,224,598
6,1708,227,591
6,1715,229,584
6,1720,232,579
6,1722,237,575
6,1725,240,570
6,1730,243,567
6,1729,244,563
6,1736,246,558
6,1735,247,553
6,1737,248,546
6,1739,252,541
6,1746,254,534
6,1750,260,531
6,1751,264,526
6,1756,268,523
6,1752,272,521
6,1755,276,516
6,1762,278,510
6,1773,279,506
6,1772,283,500
6,1779,288,494
6,1799,290,493
6,1800,294,489
6,1808,296,487
6,1816,298,485
6,1825,302,481
6,1829,306,478
6,1831,311,476
6,1840,314,472
6,1863,316,467
6,1864,319,462
6,1861,321,457
6,1857,328,451
6,1857,333,449
6,1855,335,443
6,1854,338,441
6,1870,339,435
6,1872,344,430
6,1876,345,426
6,1874,349,425
6,1875,350,420
6,1873,352,418
6,1873,355,414
6,1875,355,411
6,1881,359,405
6,1881,366,401
6,1883,368,400
6,1878,372,398
6,1887,374,395
6,1899,379,392
6,1903,382,383
6,1901,387,381
6,1914,390,374
6,1915,391,371
6,1920,393,367
6,1940,396,361
6,1956,399,359
6,1957,405,354
6,1957,406,349
6,1961,407,348
6,1969,410,344
6,1973,420,339
6,1975,426,334
6,1985,429,328
6,1985,433,325
6,1980,438,323
6,1987,443,320
6,1985,452,314
6,1983,458,312
6,1997,463,307
6,1999,464,303
6,1999,466,302
6,1999,470,298
6,2004,472,296
6,2007,479,294
6,2010,482,291
6,2013,487,287
6,2013,492,284
6,2031,493,281
6,2025,503,280
6,2031,506,277
6,2042,508,277
6,2043,514,274
6,2046,521,271
6,2039,526,269
6,2042,533,267
6,2057,537,263
6,2065,539,262
6,2073,544,258
6,2083,546,257
6,2083,548,257
6,2082,551,255
6,2088,559,255
6,2089,566,252
6,2092,567,252
6,2099,569,249
6,2098,574,245
6,2116,577,241
6,2124,578,239
6,2123,584,238
6,2132,589,235
6,2135,593,233
6,2134,596,232
6,2143,602,228
6,2154,604,226
6,2157,607,221
6,2159,610,221
6,2166,611,219
6,2166,615,216
6,2171,618,216
6,2175,622,213
6,2183,628,211
7,2192,634,211
7,2193,638,209
7,2199,642,209
7,2195,651,204
7,2206,657,204
7,2203,663,201
7,2206,667,200
7,2220,672,197
7,2220,678,194
7,2220,681,195
7,2220,684,191
7,2240,686,189
7,2242,687,189
7,2240,692,187
7,2234,703,182
7,2225,714,179
7,2227,723,179
7,2232,724,177
7,2233,729,174
7,2243,733,174
7,2244,733,172
7,2250,738,171
7,2256,744,167
7,2262,750,164
7,2272,753,162
7,2272,759,161
7,2270,765,159
7,2280,768,155
7,2281,780,154
7,2279,790,152
7,2284,797,151
7,2296,801,151
7,2288,808,150
7,2294,818,150
7,2297,825,150
7,2296,833,148
7,2293,838,145
7,2309,844,146
7,2305,854,146
7,2315,856,144
7,2306,868,144
7,2312,873,144
7,2324,876,142
7,2318,887,140
7,2330,896,139
7,2341,905,137
7,2343,912,136
7,2336,923,135
7,2342,929,136
7,2338,936,135
7,2352,935,134
7,2352,942,134
7,2359,945,135
7,2353,951,133
7,2360,955,134
7,2361,962,133
7,2372,968,133
7,2382,976,132
7,2383,983,133
7,2375,988,133
7,2379,995,132
7,2381,1003,129
7,2388,1006,128
7,2388,1013,128
7,2384,1021,126
7,2393,1023,126
7,2402,1032,125
7,2401,1038,124
7,2399,1048,124
7,2414,1050,121
7,2417,1055,122
7,2427,1062,120
7,2426,1072,117
7,2441,1079,115
7,2441,1087,116
7,2443,1096,114
7,2445,1105,114
7,2452,1113,113
7,2459,1120,112
7,2463,1126,112
7,2467,1130,112
7,2473,1135,110
7,2474,1143,109
7,2476,1151,109
7,2472,1154,106
7,2483,1162,106
7,2490,1166,104
7,2493,1168,104
7,2502,1176,103
7,2501,1181,103
7,2499,1185,103
7,2502,1194,101
7,2511,1199,98
7,2515,1206,98
7,2519,1212,97
7,2512,1217,96
7,2502,1231,95
7,2501,1239,94
7,2516,1239,94
7,2528,1240,94
7,2525,1249,94
7,2526,1258,94
7,2541,1266,94
7,2537,1275,95
7,2532,1278,94
7,2533,1286,91
7,2534,1296,91
7,2539,1298,90
7,2541,1305,88
7,2541,1311,87
7,2544,1321,87
7,2563,1327,87
7,2567,1332,87
7,2563,1339,87
7,2563,1346,88
7,2561,1351,88
7,2560,1355,88
7,2571,1364,87
7,2576,1367,87
7,2587,1372,87
7,2580,1380,86
7,2587,1393,84
7,2588,1400,84
7,2595,1409,83
7,2586,1414,83
7,2597,1417,83
7,2603,1425,83
7,2605,1430,82
7,2605,1438,82
7,2600,1449,82
7,2611,1458,82
7,2612,1462,82
7,2615,1466,83
7,2612,1472,83
7,2608,1478,82
7,2608,1485,81
7,2615,1493,81
7,2627,1500,80
7,2631,1508,79
7,2649,1512,80
7,2650,1516,79
7,2658,1519,79
7,2662,1522,80
7,2678,1521,79
7,2702,1521,77
7,2700,1527,76
7,2695,1535,75
7,2694,1545,75
7,2691,1554,74
7,2686,1563,74
7,2685,1566,74
7,2688,1566,75
7,2691,1570,73
7,2696,1570,71
7,2681,1584,70
7,2695,1587,69
7,2694,1594,68
7,2703,1602,66
7,2699,1616,66
7,2701,1620,66
7,2699,1628,65
7,2696,1632,65
7,2695,1644,64
7,2694,1650,64
7,2706,1651,64
7,2707,1654,64
7,2702,1664,63
7,2714,1668,63
7,2719,1676,62
7,2720,1678,62
7,2735,1681,63
7,2739,1682,61
7,2746,1689,61
7,2742,1693,61
7,2729,1704,61
7,2744,1711,61
7,2740,1720,60
7,2737,1728,60
7,2741,1738,58
7,2731,1753,58
7,2737,1767,59
7,2726,1783,58
7,2729,1793,57
7,2715,1804,57
7,2716,1812,56
7,2710,1822,56
7,2721,1831,56
7,2719,1838,56
7,2722,1846,54
7,2717,1852,53
7,2727,1851,54
7,2721,1858,54
7,2718,1872,55
7,2720,1877,54
7,2712,1885,53
7,2709,1892,53
7,2698,1905,53
7,2700,1908,53
7,2708,1919,51
7,2725,1920,50
7,2737,1924,50
7,2735,1934,48
7,2738,1947,48
7,2739,1954,48
7,2742,1959,48
7,2734,1965,47
7,2730,1973,47
7,2725,1982,48
7,2731,1987,48
7,2730,1999,46
7,2733,2003,47
7,2732,2003,47
7,2730,2009,47
7,2736,2013,48
7,2735,2017,48
7,2739,2027,49
7,2734,2030,49
7,2728,2044,50
7,2724,2046,50
7,2729,2052,49
7,2718,2065,49
7,2713,2073,49
7,2720,2081,48
7,2726,2084,48
7,2723,2089,49
7,2715,2099,49
7,2707,2107,49
7,2699,2118,49
7,2702,2120,49
9,2701,2132,48
9,2700,2137,48
9,2701,2143,48
9,2701,2155,49
9,2695,2160,48
9,2689,2166,49
9,2678,2179,49
9,2683,2184,50
9,2698,2188,50
9,2694,2196,49
9,2690,2205,49
9,2688,2213,48
9,2682,2223,48
10,2681,2233,48
10,2674,2246,48
10,2672,2250,47
10,2671,2262,48
10,2659,2269,48
10,2655,2279,47
10,2655,2284,45
10,2657,2291,45
10,2660,2294,45
10,2647,2303,46
10,2640,2313,47
10,2639,2321,46
10,2629,2330,46
10,2645,2337,46
10,2653,2340,45
10,2639,2350,44
10,2620,2367,45
10,2615,2376,43
10,2606,2391,42
10,2614,2400,40
10,2607,2407,39
10,2604,2418,39
10,2601,2432,39
10,2592,2443,38
10,2575,2459,38
10,2562,2476,37
10,2557,2484,37
10,2554,2497,38
10,2553,2501,38
10,2541,2511,37
10,2531,2518,38
10,2519,2531,38
10,2518,2536,38
10,2504,2548,37
10,2496,2555,37
10,2485,2565,37
10,2481,2571,38
10,2484,2585,37
10,2487,2589,35
10,2485,2601,35
10,2477,2612,35
10,2479,2622,35
10,2483,2630,35
10,2476,2638,35
10,2465,2657,34
10,2456,2668,34
10,2466,2675,33
10,2470,2681,33
10,2477,2690,33
10,2472,2704,33
10,2460,2712,33
10,2463,2714,33
10,2454,2726,33
10,2449,2728,32
10,2442,2741,33
10,2433,2751,32
10,2429,2756,33
10,2443,2760,33
10,2423,2779,33
10,2430,2788,33
10,2420,2794,33
10,2409,2798,31
10,2405,2810,31
10,2391,2818,30
10,2383,2828,30
10,2385,2836,30
10,2376,2845,31
10,2367,2855,31
10,2350,2870,30
10,2346,2879,29
10,2340,2885,29
10,2333,2895,29
10,2325,2912,29
10,2325,2919,30
10,2320,2923,30
10,2313,2930,30
10,2301,2937,30
10,2296,2946,30
10,2280,2956,31
10,2276,2954,31
10,2264,2961,31
10,2260,2969,31
10,2250,2975,31
10,2247,2983,31
10,2236,2996,32
10,2227,2998,31
10,2226,3000,30
10,2218,3011,30
10,2207,3017,31
10,2194,3023,31
10,2184,3034,32
10,2175,3038,31
10,2158,3050,32
10,2156,3054,33
10,2152,3055,33
10,2147,3053,34
10,2140,3058,33
10,2132,3069,33
10,2115,3080,33
10,2106,3083,33
10,2097,3086,33
10,2084,3101,33
10,2072,3109,32
10,2072,3112,32
10,2062,3113,32
10,2052,3124,31
10,2047,3129,31
10,2037,3135,31
10,2031,3144,32
10,2025,3156,32
10,2009,3171,32
10,1994,3177,33
10,1986,3182,34
10,1976,3186,34
10,1969,3191,32
10,1958,3197,32
10,1955,3200,33
10,1945,3210,33
10,1932,3214,33
10,1919,3225,33
10,1918,3224,33
10,1918,3226,34
10,1916,3229,34
10,1921,3236,34
10,1915,3244,35
10,1909,3245,35
10,1898,3253,36
10,1895,3257,36
10,1894,3256,36
10,1881,3262,36
10,1876,3262,35
10,1868,3259,35
10,1871,3269,34
10,1864,3274,34
10,1855,3281,34
10,1852,3285,34
10,1847,3291,34
10,1837,3302,34
10,1828,3304,34
10,1817,3308,34
10,1808,3312,34
10,1803,3315,35
10,1802,3315,35
10,1788,3325,34
10,1782,3329,34
10,1773,3336,35
10,1770,3339,36
10,1765,3345,36
10,1760,3349,36
10,1745,3355,36
10,1739,3362,37
10,1737,3363,37
10,1729,3364,37
10,1718,3368,38
10,1710,3372,38
10,1705,3381,38
10,1696,3386,38
10,1694,3393,38
10,1694,3397,38
10,1689,3400,37
10,1687,3403,37
10,1681,3406,38
10,1674,3413,38
10,1658,3424,38
10,1652,3429,39
10,1649,3431,39
10,1650,3430,40
10,1642,3439,40
10,1630,3447,40
10,1626,3454,40
10,1622,3456,38
10,1622,3456,38
10,1619,3452,38
10,1607,3459,38
10,1597,3457,38
10,1591,3455,38
10,1581,3460,38
10,1578,3453,38
10,1566,3458,38
10,1557,3463,38
10,1555,3467,38
10,1546,3468,38
10,1539,3471,38
10,1535,3470,38
10,1520,3477,39
10,1516,3485,39
10,1507,3485,39
10,1499,3485,38
10,1494,3491,39
10,1491,3485,39
10,1483,3488,39
10,1478,3490,39
10,1478,3495,39
10,1472,3496,39
10,1468,3494,39
10,1468,3493,38
10,1462,3491,39
10,1457,3497,38
10,1451,3497,38
10,1444,3501,38
10,1441,3502,39
10,1449,3502,38
10,1446,3499,38
10,1444,3498,38
10,1434,3495,38
11,1434,3500,37
11,1431,3494,37
11,1425,3490,37
11,1421,3491,36
11,1420,3488,36
11,1424,3481,36
11,1415,3482,36
11,1407,3480,36
11,1403,3482,37
11,1396,3484,37
11,1395,3482,37
11,1387,3497,38
11,1379,3493,38
11,1378,3493,39
11,1371,3488,38
11,1367,3485,39
11,1359,3489,39
11,1352,3492,39
11,1337,3496,39
11,1321,3504,39
11,1309,3507,40
11,1313,3504,39
11,1303,3501,39
11,1301,3497,39
11,1307,3493,39
11,1297,3493,39
11,1290,3495,39
11,1286,3494,39
11,1277,3492,39
11,1270,3490,39
11,1256,3493,39
11,1247,3488,38
11,1232,3492,38
11,1224,3496,38
11,1216,3498,38
11,1209,3497,39
11,1201,3501,39
11,1193,3504,40
11,1188,3512,40
11,1189,3515,41
11,1177,3517,41
11,1169,3517,41
11,1166,3517,41
11,1161,3519,40
11,1153,3514,40
11,1146,3513,40
11,1139,3517,40
11,1136,3506,41
11,1131,3513,40
11,1123,3523,40
11,1119,3515,40
11,1109,3515,40
11,1099,3512,40
11,1091,3518,40
11,1086,3513,41
13,1079,3513,41
13,1075,3512,40
13,1065,3515,41
13,1060,3511,41
13,1050,3510,41
13,1040,3507,41
13,1039,3502,41
13,1035,3496,41
13,1034,3496,41
13,1027,3495,41
13,1023,3488,42
13,1024,3480,43
13,1016,3485,43
13,1017,3476,43
13,1012,3474,44
13,1003,3471,42
13,997,3471,42
13,992,3467,42
13,994,3462,42
13,986,3454,43
13,990,3441,43
13,994,3433,44
13,991,3434,44
13,983,3427,45
13,977,3424,45
13,976,3419,46
13,966,3419,46
13,961,3421,46
13,966,3420,47
13,970,3410,48
13,964,3404,47
13,962,3400,47
13,956,3395,47
13,958,3386,47
13,955,3378,47
13,948,3373,48
13,950,3370,47
13,948,3366,47
13,944,3355,47
13,945,3348,47
13,946,3337,47
13,943,3329,48
13,934,3321,48
13,929,3311,48
13,920,3310,48
13,921,3299,48
13,920,3287,48
13,920,3280,48
13,916,3273,48
13,915,3265,48
13,913,3258,48
13,920,3251,49
13,916,3243,49
13,913,3231,49
13,916,3224,50
13,912,3213,51
13,912,3207,50
13,909,3199,50
13,911,3191,50
13,903,3190,50
13,907,3181,50
13,907,3176,51
13,904,3173,50
13,904,3163,49
13,906,3161,48
13,906,3149,48
13,899,3148,48
13,901,3133,49
13,904,3126,48
13,905,3107,49
13,913,3097,48
13,910,3092,48
13,906,3085,49
13,908,3076,48
13,905,3064,48
13,901,3056,48
13,909,3044,49
13,909,3032,48
13,910,3025,48
13,907,3014,48
13,910,3004,48
13,911,2987,48
13,911,2973,49
13,913,2962,49
13,910,2949,49
13,908,2941,50
13,916,2931,50
13,924,2926,50
13,922,2906,50
13,919,2895,50
13,918,2881,50
13,921,2871,49
13,921,2866,49
13,920,2855,48
13,918,2845,47
13,925,2835,47
13,924,2815,47
13,923,2809,46
13,925,2789,47
13,928,2776,47
13,927,2764,47
13,924,2752,47
13,926,2747,47
13,925,2732,47
13,920,2714,46
13,923,2695,46
13,924,2679,46
13,922,2672,47
13,921,2654,46
13,920,2643,46
13,919,2629,47
13,918,2614,47
13,917,2604,47
13,915,2591,47
13,917,2580,47
13,917,2566,47
13,915,2554,47
13,918,2543,47
13,918,2535,47
13,917,2524,47
13,925,2510,47
13,924,2498,47
13,923,2486,46
13,923,2474,46
13,928,2460,46
13,932,2449,47
13,936,2442,47
13,934,2429,47
13,938,2411,47
13,936,2402,47
13,938,2392,48
13,938,2378,47
13,938,2365,47
13,938,2349,47
13,938,2333,48
13,940,2319,47
13,939,2309,47
13,942,2295,46
13,942,2280,46
13,951,2268,46
13,949,2260,46
13,954,2245,47
13,953,2232,46
13,953,2224,46
13,954,2210,46
13,951,2201,46
13,954,2188,46
13,951,2179,45
13,949,2171,46
13,957,2157,47
13,963,2147,47
13,961,2140,47
13,956,2133,46
13,954,2121,46
13,959,2115,46
13,961,2107,46
13,960,2095,46
13,955,2086,46
13,955,2078,46
13,957,2072,47
13,960,2063,47
13,964,2058,47
13,973,2044,48
13,974,2037,49
13,973,2026,48
13,971,2015,48
13,973,2002,48
13,978,1983,48
13,976,1974,48
13,974,1965,47
13,981,1956,48
13,978,1948,47
13,982,1929,46
13,984,1919,46
13,982,1908,46
13,982,1899,47
13,985,1887,47
13,987,1879,47
13,992,1867,48
13,993,1852,49
13,992,1842,49
13,991,1831,49
13,995,1818,48
13,994,1812,48
13,992,1801,48
13,991,1788,49
13,994,1777,49
13,994,1767,50
13,994,1755,49
13,991,1742,49
13,990,1733,50
13,990,1721,51
13,993,1707,51
13,994,1700,49
13,998,1691,49
13,1000,1683,50
15,1002,1677,50
15,1000,1664,50
15,1005,1651,50
15,1006,1636,50
15,1009,1626,50
17,1008,1618,49
17,1006,1612,49
17,1007,1601,49
17,1002,1595,49
17,1000,1589,50
17,1008,1578,50
17,1017,1572,50
17,1025,1564,49
17,1023,1554,47
17,1020,1545,47
17,1020,1538,48
17,1017,1530,48
17,1016,1522,48
17,1021,1508,47
17,1022,1496,47
17,1020,1486,48
17,1023,1477,48
17,1031,1460,48
17,1031,1454,49
17,1032,1445,49
17,1030,1436,50
17,1034,1429,49
17,1033,1418,49
17,1036,1409,49
17,1039,1402,49
17,1041,1393,49
17,1040,1380,49
17,1039,1374,49
17,1041,1365,49
17,1039,1362,49
17,1042,1356,48
17,1044,1348,48
17,1045,1340,48
17,1044,1333,48
17,1050,1323,48
17,1061,1313,47
17,1060,1302,47
17,1059,1298,47
17,1063,1293,47
17,1071,1290,47
17,1074,1282,47
17,1087,1275,47
17,1091,1263,48
17,1087,1256,47
17,1083,1248,46
17,1087,1233,45
20,1088,1226,45
20,1098,1213,45
20,1109,1204,45
20,1119,1200,46
20,1115,1191,45
20,1115,1181,46
20,1118,1172,45
20,1115,1158,45
20,1116,1144,46
20,1111,1140,46
20,1116,1139,45
20,1116,1132,45
20,1114,1126,45
20,1113,1120,45
22,1115,1114,45
22,1108,1112,44
22,1105,1113,44
22,1104,1103,44
22,1106,1094,44
22,1109,1091,44
22,1107,1084,44
22,1107,1078,45
22,1110,1069,43
22,1108,1061,43
22,1104,1057,43
22,1103,1053,42
22,1101,1040,42
22,1095,1034,42
22,1096,1020,41
22,1098,1012,41
22,1098,998,42
22,1097,993,42
22,1098,985,42
22,1103,978,42
22,1110,971,42
22,1112,969,41
22,1111,960,42
22,1108,951,42
22,1109,944,41
22,1114,941,41
22,1115,936,41
22,1112,930,41
22,1114,927,42
22,1115,922,42
22,1111,921,41
22,1118,917,41
22,1117,908,40
22,1116,902,40
22,1116,890,40
22,1116,887,41
22,1115,883,40
22,1117,879,40
22,1121,878,40
22,1122,868,41
22,1126,866,40
22,1125,858,40
22,1121,847,40
22,1118,842,40
22,1118,838,40
22,1117,837,40
22,1115,827,40
22,1112,821,40
22,1109,816,40
22,1111,815,40
22,1114,811,39
22,1110,810,39
22,1105,800,39
22,1101,797,38
22,1103,787,38
22,1106,784,37
22,1104,776,38
22,1103,776,38
22,1097,775,38
22,1099,768,39
22,1094,767,39
22,1093,761,39
22,1098,755,39
22,1093,752,39
22,1091,746,39
22,1091,740,39
22,1097,735,39
22,1095,725,38
22,1093,725,39
22,1096,718,39
22,1097,712,39
22,1097,711,40
22,1093,702,40
22,1095,693,40
22,1092,693,39
22,1087,692,38
22,1089,688,39
22,1087,682,38
22,1085,682,38
22,1092,676,37
22,1085,676,37
22,1082,672,38
22,1079,670,38
22,1073,665,38
22,1075,664,38
22,1072,665,38
22,1076,665,38
22,1075,663,36
22,1071,659,37
22,1072,658,37
22,1070,656,37
22,1066,655,37
22,1065,651,37
22,1066,648,37
22,1061,643,37
22,1061,640,37
22,1058,637,37
22,1062,632,37
22,1065,627,37
22,1070,624,37
22,1076,622,38
22,1076,617,38
22,1077,616,38
22,1079,616,38
22,1079,608,38
22,1080,600,38
22,1082,594,37
22,1078,593,37
22,1090,591,37
22,1087,594,38
22,1084,594,38
22,1085,596,38
22,1084,597,38
21,1084,595,38
21,1083,592,38
21,1086,588,39
21,1085,584,39
21,1086,588,38
21,1086,588,36
21,1084,590,36
21,1084,588,36
21,1083,582,36
21,1079,584,35
21,1079,581,35
21,1081,577,35
21,1076,582,35
21,1076,574,35
21,1073,575,35
21,1072,575,34
21,1071,574,34
21,1064,575,34
21,1071,570,34
21,1069,571,34
21,1066,570,34
21,1066,570,34
21,1069,567,34
21,1070,565,33
21,1067,565,33
21,1064,566,34
21,1066,565,33
21,1069,563,32
21,1068,561,32
21,1066,562,32
21,1068,561,32
21,1071,561,32
21,1070,558,31
21,1076,552,32
21,1082,549,32
21,1080,550,32
21,1080,549,32
21,1088,548,32
21,1086,545,32
21,1096,547,31
21,1091,550,31
21,1087,552,31
21,1085,558,30
21,1086,559,28
21,1083,561,29
21,1084,563,29
21,1078,567,30
21,1081,566,30
21,1081,565,30
21,1081,567,31
21,1084,566,31
21,1082,565,31
21,1079,564,32
21,1078,565,32
21,1074,563,32
21,1071,564,32
21,1067,565,32
21,1066,565,32
21,1062,566,32
21,1063,567,32
21,1069,563,32
21,1068,561,32
23,1066,563,32
23,1070,560,33
23,1068,561,33
23,1062,566,31
23,1063,567,31
23,1059,569,31
23,1060,563,31
23,1067,561,31
23,1066,558,31
23,1065,555,31
23,1066,552,31
23,1068,550,31
23,1063,553,31
23,1064,555,31
23,1063,555,32
23,1060,555,32
23,1058,554,32
23,1061,554,32
23,1059,554,32
23,1058,558,32
23,1059,560,32
25,1056,564,32
25,1056,566,32
25,1053,568,32
25,1048,571,32
25,1047,569,31
25,1044,571,31
25,1042,571,31
25,1035,575,32
25,1033,576,31
25,1036,576,30
25,1045,577,30
25,1044,577,30
25,1042,576,30
25,1041,573,31
25,1046,571,30
25,1046,567,31
25,1051,569,30
25,1054,566,30
25,1055,567,31
25,1058,567,30
25,1057,566,31
25,1055,569,31
24,1054,570,31
24,1056,570,32
24,1053,573,31
24,1056,575,31
24,1051,580,31
24,1055,582,31
24,1055,582,30
24,1057,579,31
26,1055,578,31
26,1057,575,31
26,1054,576,31
26,1053,575,31
26,1050,573,32
26,1054,574,32
26,1048,577,32
26,1052,577,32
26,1054,576,30
26,1051,579,31
26,1060,576,30
26,1062,573,29
26,1060,574,29
26,1056,578,28
26,1053,580,28
26,1052,583,28
26,1053,583,28
26,1052,579,28
26,1049,584,27
26,1047,585,27
26,1043,586,27
26,1046,585,27
26,1043,588,27
26,1043,588,27
26,1049,585,26
26,1046,587,26
26,1043,588,26
26,1040,589,27
26,1043,591,27
26,1042,591,28
26,1045,593,28
26,1048,593,28
26,1051,590,29
26,1050,591,30
26,1050,589,30
26,1053,589,30
26,1051,589,30
26,1051,592,30
26,1048,595,30
26,1047,592,30
26,1045,594,31
26,1047,588,30
26,1043,588,30
26,1039,589,31
26,1038,588,30
26,1035,591,30
26,1034,590,30
26,1035,592,30
26,1033,593,29
26,1031,594,29
26,1031,596,30
26,1030,595,30
26,1034,594,30
26,1030,594,31
26,1027,596,30
26,1022,596,29
26,1021,597,29
26,1021,598,29
26,1017,599,30
26,1019,599,31
26,1018,595,32
26,1018,594,31
26,1018,596,31
26,1017,595,32
26,1013,596,32
26,1014,594,33
26,1014,593,34
26,1014,596,33
26,1013,595,33
26,1009,595,33
26,1011,595,33
26,1012,594,33
27,1010,591,34
27,1008,590,35
27,1005,592,36
27,1002,594,36
27,1002,595,36
27,1000,595,35
27,998,594,36
27,1001,594,36
27,999,596,36
27,1000,595,36
27,999,591,36
27,996,594,36
27,991,598,37
27,993,598,36
27,989,601,36
27,993,601,36
27,992,599,37
27,988,601,35
27,985,598,35
27,982,597,35
27,977,600,35
27,974,600,35
27,971,600,35
27,970,603,35
27,969,604,34
27,964,605,35
27,964,604,35
27,964,605,35
27,959,606,35
27,960,606,34
27,958,607,34
27,955,610,35
27,954,607,34
27,951,608,34
27,952,608,33
27,949,607,33
27,948,606,33
27,946,604,33
27,944,604,33
27,943,605,33
27,941,600,33
27,944,600,34
27,942,600,33
27,942,594,33
27,940,589,33
27,938,590,33
27,937,590,33
27,937,587,33
27,937,589,33
27,936,585,33
27,932,586,33
27,933,585,34
27,931,586,34
27,929,585,35
27,926,585,35
27,925,584,35
27,923,583,35
27,927,581,34
27,928,579,34
27,926,578,34
27,925,575,34
27,929,573,34
27,928,575,34
27,926,572,35
27,925,573,35
27,932,573,35
27,930,574,33
27,931,568,33
27,939,568,33
27,937,567,34
27,937,564,35
27,936,567,36
27,932,568,36
27,931,566,35
27,934,564,36
27,931,565,36
27,929,566,36
27,927,568,36
27,924,569,36
27,927,568,36
27,924,568,36
27,926,569,37
27,921,567,38
27,918,568,38
27,919,565,39
27,921,564,40
27,922,561,39
27,920,560,39
27,920,559,39
27,918,559,40
27,916,559,39
27,913,558,38
27,912,552,38
27,911,551,38
27,913,549,39
27,907,549,38
27,906,551,38
27,910,547,38
27,908,547,38
27,911,546,39
27,910,545,39
27,912,544,39
27,910,545,39
27,908,545,38
27,906,544,38
27,906,539,38
27,905,535,37
27,910,534,36
27,911,535,37
27,913,534,37
27,911,534,37
27,910,534,37
29,916,535,38
29,916,536,38
29,915,533,38
29,915,536,37
29,919,537,38
29,918,534,39
29,920,535,38
29,920,534,37
29,919,536,37
29,916,537,38
29,916,534,39
29,916,530,39
29,914,531,39
29,914,527,40
29,916,528,38
29,916,527,39
29,913,528,39
29,913,523,39
29,908,526,40
29,912,525,40
29,914,526,40
29,913,519,41
29,912,520,40
29,908,522,41
29,913,521,40
29,912,521,40
29,908,521,39
29,907,521,39
29,904,520,39
29,907,520,38
29,913,520,38
29,912,517,38
29,912,515,39
29,910,514,39
29,913,513,40
29,914,513,39
29,911,512,37
29,911,507,37
31,907,510,37
31,904,509,37
31,903,509,37
32,902,509,37
32,900,511,37
32,897,512,38
32,896,512,37
32,896,511,36
32,900,510,37
34,898,511,36
34,903,509,36
34,903,507,36
34,899,509,36
34,900,507,37
34,905,507,36
34,911,505,36
34,910,504,36
34,922,505,36
34,920,505,36
34,918,505,37
34,919,502,37
34,918,502,37
34,917,499,37
34,918,497,37
34,921,492,38
34,929,491,38
37,935,494,38
37,933,495,38
37,937,494,38
37,938,497,38
37,939,493,38
37,937,493,38
37,935,493,38
37,937,495,38
37,936,494,38
37,934,491,38
37,932,490,40
36,930,487,40
36,927,487,39
36,931,484,40
36,928,486,40
36,922,489,40
36,920,489,40
36,916,490,40
36,915,490,39
36,911,493,39
36,908,492,40
36,911,489,40
36,906,491,38
36,913,493,37
36,910,495,38
36,907,496,38
36,904,497,38
36,904,496,38
38,909,491,38
38,918,488,38
38,916,489,37
38,918,487,37
38,913,489,37
38,909,489,37
38,911,487,37
38,907,488,37
38,909,487,37
38,912,486,37
38,907,486,37
38,902,486,38
38,895,490,38
38,893,490,37
38,890,489,38
38,887,490,37
38,884,487,37
38,881,486,38
38,881,485,37
38,879,483,36
38,876,484,36
38,877,485,36
38,874,485,36
38,871,484,35
38,867,486,35
38,866,484,35
38,866,481,35
38,864,482,35
38,864,480,35
37,862,481,36
37,861,479,36
37,861,479,35
37,856,478,35
37,858,478,35
37,861,477,35
37,857,477,35
37,852,481,36
37,852,480,37
37,850,481,36
37,849,480,36
37,850,480,36
37,848,477,37
37,842,478,37
37,845,478,37
37,842,481,37
37,845,480,37
37,845,483,37
37,845,481,37
37,842,478,38
37,842,478,38
37,841,478,38
37,839,481,38
37,838,481,38
37,845,480,37
37,844,479,38
37,841,479,37
37,841,484,37
37,840,482,36
37,841,479,35
37,838,480,36
37,835,480,36
37,834,479,36
37,829,482,36
37,824,485,36
37,823,483,36
37,821,482,36
37,819,482,37
37,818,483,37
37,816,481,38
37,814,481,37
37,813,480,38
37,817,479,39
37,813,479,39
37,812,477,39
37,813,477,40
37,815,478,41
37,813,480,41
37,815,481,40
37,816,478,40
37,815,478,39
37,820,477,39
37,830,475,39
38,828,476,40
38,830,477,40
38,824,478,42
38,823,481,42
38,826,483,42
38,826,484,42
38,824,486,43
38,826,485,43
38,824,484,42
38,822,484,41
38,818,487,41
38,815,488,41
38,814,487,42
38,813,488,42
38,812,488,43
38,810,489,44
38,811,490,43
38,807,492,44
38,804,493,45
38,804,490,45
38,805,489,46
38,804,489,46
38,803,483,46
41,803,480,45
41,803,477,45
41,798,478,45
41,803,475,45
41,802,474,45
41,800,475,45
41,798,473,45
41,795,476,46
41,794,479,47
41,792,477,46
41,792,477,46
41,798,478,45
41,799,476,45
41,808,476,45
41,810,474,45
42,807,473,46
42,802,476,47
42,806,473,48
42,805,473,48
42,802,473,49
42,805,468,49
42,804,467,49
42,804,468,49
42,807,467,50
42,804,470,50
42,807,473,49
42,807,471,48
42,805,471,48
42,801,474,48
42,797,476,46
42,798,476,47
42,798,474,46
42,796,475,46
42,792,478,46
42,791,475,47
42,791,471,46
42,791,469,45
42,791,467,45
42,788,469,45
42,789,466,45
42,782,469,45
42,780,468,45
42,780,462,46
42,778,460,45
42,774,462,45
42,772,460,45
42,767,463,45
42,764,466,45
42,759,471,44
42,757,472,44
42,754,474,44
42,751,475,44
42,749,476,44
42,748,474,44
42,745,476,46
42,745,476,46
42,742,477,46
42,742,476,45
42,748,476,46
42,744,479,45
42,747,478,45
42,743,478,45
42,741,478,45
42,746,475,46
42,748,474,45
42,747,474,46
42,747,477,46
42,747,480,46
42,746,476,47
42,745,474,47
42,744,473,47
42,743,470,47
42,742,468,46
44,740,466,46
44,736,467,46
47,732,470,46
47,736,466,45
47,732,467,45
48,730,468,45
48,727,468,45
48,723,472,45
48,725,473,45
48,726,474,46
48,727,471,47
48,726,471,46
48,724,472,46
48,722,472,47
48,724,475,46
48,727,473,46
48,725,473,46
48,724,468,48
48,726,470,46
48,722,471,46
48,729,473,46
48,725,475,47
48,724,471,47
48,725,470,48
48,724,470,48
48,721,471,48
48,734,469,48
48,732,471,48
48,738,473,48
48,736,471,48
48,732,473,48
48,732,474,49
48,728,476,48
48,724,478,48
48,721,477,48
48,720,477,47
48,719,471,47
48,717,472,48
48,713,474,47
48,714,473,47
48,710,473,46
48,708,470,47
48,706,469,48
48,705,467,49
48,703,466,49
48,702,466,49
48,699,469,49
48,697,467,49
48,697,463,49
48,694,463,49
48,692,463,50
48,690,464,49
48,690,463,49
48,688,461,49
48,688,460,49
48,684,462,50
48,683,460,50
48,681,461,51
48,680,458,50
48,682,460,50
48,682,458,51
48,681,458,51
48,681,457,51
48,680,457,51
48,677,458,51
48,677,456,53
48,680,457,53
48,677,458,53
48,680,460,53
48,679,458,54
48,676,459,55
48,677,458,56
48,673,461,56
48,667,466,56
48,667,465,56
48,667,462,56
48,664,465,57
48,666,466,56
48,664,464,56
48,665,466,56
48,663,466,57
48,667,466,57
48,665,465,56
48,663,465,56
48,665,463,56
48,666,463,57
48,664,459,58
48,660,464,59
48,658,463,59
48,657,464,59
48,664,464,59
48,663,462,60
48,660,462,59
48,658,465,58
48,658,463,58
48,656,465,58
48,657,463,57
48,656,462,57
48,653,465,57
48,649,467,57
48,649,466,57
48,645,470,56
48,643,471,56
51,642,471,56
51,641,470,56
51,640,468,56
51,641,467,56
51,646,466,56
51,645,465,56
51,643,465,56
51,639,470,56
51,644,471,57
51,644,468,57
51,643,467,58
51,641,463,58
51,642,464,58
51,642,461,58
53,641,459,58
53,642,458,59
53,639,461,59
53,637,462,59
53,635,460,59
53,633,462,59
53,637,459,61
53,635,459,60
53,633,459,60
53,634,459,60
53,636,458,60
53,637,456,62
53,636,456,61
53,634,457,61
53,634,459,60
53,631,462,61
53,631,463,61
53,629,462,60
53,629,462,60
53,628,462,60
53,626,462,60
53,626,460,61
53,624,462,61
53,620,464,61
55,620,464,61
55,618,464,60
58,616,463,59
58,613,464,58
58,613,464,59
58,612,464,58
58,608,467,58
58,610,463,58
58,614,460,58
58,612,460,58
58,606,461,58
58,606,461,59
58,608,462,59
58,604,462,59
58,605,462,60
58,605,459,59
58,604,456,59
58,603,456,59
58,601,454,60
58,598,452,60
58,597,452,60
58,596,453,60
58,595,451,60
58,594,452,60
58,596,454,61
58,596,456,61
58,595,455,62
58,597,456,61
58,596,455,61
58,593,453,62
58,592,452,63
58,591,450,63
58,594,449,64
58,591,447,64
58,593,446,64
60,601,448,66
60,601,448,67
60,606,447,68
60,605,448,67
60,603,450,68
63,599,454,68
63,595,455,69
63,593,454,68
63,592,451,68
63,589,453,69
63,591,451,69
63,589,452,69
63,592,450,70
63,590,450,69
63,589,450,69
63,585,445,70
63,584,445,70
63,583,444,70
64,587,443,70
64,584,443,71
64,584,440,71
64,583,439,71
64,586,437,71
64,581,440,71
64,582,441,72
64,585,440,71
64,583,441,71
64,581,442,71
64,586,440,70
64,582,442,70
64,580,442,70
67,576,446,71
67,581,443,69
67,584,443,69
67,580,442,70
67,583,440,68
67,583,438,70
67,585,436,69
67,579,440,69
67,583,438,70
67,582,438,69
67,580,439,70
67,585,439,69
67,584,441,69
67,580,443,69
67,582,445,69
67,581,442,69
67,581,441,69
67,579,439,69
67,576,439,69
67,576,434,69
67,577,434,69
67,576,432,68
67,576,428,68
67,576,427,69
67,575,426,69
67,570,430,69
67,565,432,70
67,562,434,71
67,560,434,69
67,557,435,69
67,558,435,69
67,558,435,69
67,561,432,70
67,565,432,70
67,562,434,69
67,561,431,70
67,558,431,70
67,556,431,71
67,555,431,71
67,551,431,71
67,549,431,71
67,547,431,71
67,545,430,71
67,545,426,71
67,540,430,71
67,538,432,71
67,537,433,71
67,536,432,71
67,536,432,71
67,533,434,72
67,532,433,72
67,530,434,72
70,530,431,71
70,529,428,72
70,527,424,72
70,526,422,72
70,523,421,72
70,521,422,71
70,521,423,71
70,519,422,71
70,517,421,71
70,517,421,71
70,514,420,71
70,511,422,70
72,511,420,70
72,509,418,70
72,506,421,71
75,506,419,71
75,502,421,71
75,502,417,71
75,504,419,72
75,506,420,72
75,504,418,72
75,502,419,72
75,503,420,73
77,500,422,73
77,497,422,73
77,495,422,73
77,495,419,73
77,494,416,73
77,491,416,74
77,488,417,74
77,488,412,75
77,487,411,75
77,484,413,75
77,481,415,75
77,474,419,77
77,469,423,78
79,471,420,79
79,474,419,79
79,473,416,80
79,473,413,80
79,472,412,80
79,473,411,81
79,470,409,81
79,469,409,82
79,467,410,82
79,474,409,83
79,474,407,83
79,470,410,83
79,467,410,83
79,464,409,84
79,464,407,84
79,460,410,84
79,459,408,84
79,461,409,86
79,460,406,86
79,458,404,86
78,455,405,86
78,452,407,87
78,451,403,88
78,447,405,87
78,445,406,88
78,446,408,88
78,445,408,88
78,439,409,88
78,438,409,91
78,437,410,90
78,436,405,90
78,436,405,90
78,436,407,91
77,434,408,91
77,434,407,90
77,437,407,90
77,434,408,91
77,433,408,91
77,431,408,91
77,430,408,91
77,427,408,90
77,426,407,89
77,424,406,90
77,432,407,91
77,429,410,89
77,428,409,89
79,428,406,90
79,426,408,90
79,420,412,90
79,419,410,91
79,416,413,90
79,413,416,90
79,409,418,90
79,411,419,90
79,412,417,90
79,412,413,90
79,411,412,90
79,415,411,90
79,411,412,90
79,408,415,90
79,408,417,90
79,412,416,90
79,408,418,91
79,406,419,92
79,402,421,93
79,398,421,92
79,397,424,92
82,396,423,92
82,395,420,92
82,392,421,93
82,392,419,93
82,388,418,90
82,387,418,90
83,386,418,91
83,386,415,91
83,388,417,90
83,386,413,91
83,385,412,90
83,382,415,91
83,386,416,90
83,388,416,91
83,386,415,91
83,385,414,91
84,380,417,90
84,379,415,92
84,377,413,94
84,380,410,94
84,379,409,94
84,378,410,94
84,375,409,95
84,375,409,94
84,375,408,94
84,373,405,95
84,370,407,95
84,371,403,95
84,372,402,95
84,369,402,95
84,369,401,95
84,369,397,95
84,367,398,96
86,364,396,96
86,366,398,97
86,364,398,96
86,361,400,97
86,366,395,97
86,364,395,100
86,363,396,98
86,361,395,98
86,360,398,99
86,358,400,99
86,357,402,99
86,361,400,99
86,359,398,99
86,359,397,99
86,359,394,100
86,359,391,100
86,355,394,101
86,355,391,101
88,353,389,101
89,353,386,101
89,350,384,101
89,350,385,101
89,347,384,101
89,344,387,102
89,343,385,101
89,341,387,102
89,339,384,102
89,336,385,102
89,335,385,102
89,337,386,101
89,333,389,102
89,332,387,102
89,329,388,103
89,325,389,104
89,321,391,104
89,319,392,105
91,319,391,105
91,322,393,106
96,320,393,107
96,317,393,106
96,319,390,106
96,318,390,106
96,321,390,106
96,319,391,106
96,317,391,106
96,316,392,106
96,316,391,105
96,313,393,108
96,312,391,106
96,310,389,106
96,306,393,108
96,305,391,108
96,302,391,108
96,304,391,108
96,301,394,108
96,299,392,108
96,299,386,109
96,298,384,109
96,297,382,111
96,296,383,110
96,294,385,110
96,291,388,111
96,290,385,111
98,288,381,110
98,288,381,109
98,282,386,110
98,278,389,110
98,278,384,110
98,276,384,111
98,272,386,115
98,271,384,115
98,268,386,116
98,267,385,117
98,265,385,117
98,264,386,116
98,267,382,116
98,265,381,117
98,262,382,117
98,261,380,117
98,259,380,117
98,256,382,118
98,256,380,120
102,256,378,120
102,251,382,120
102,249,380,120
103,247,381,122
103,242,379,121
103,240,378,122
103,239,373,122
103,238,373,123
103,237,369,125
103,236,368,124
102,236,365,124
102,238,361,124
102,236,360,124
102,235,357,124
102,235,357,126
102,234,358,125
102,236,357,125
102,237,353,123
104,237,351,123
104,234,350,123
104,233,348,125
104,232,349,124
106,232,346,125
106,229,348,126
106,228,347,127
107,228,347,127
107,226,347,129
107,225,345,131
107,224,345,129
107,225,346,131
107,223,345,131
107,222,345,131
107,219,347,132
107,219,345,132
107,218,343,132
107,218,340,133
109,218,340,134
109,216,337,133
109,214,335,134
109,212,335,134
109,213,334,133
109,211,332,134
109,207,334,133
109,206,333,133
109,205,334,134
109,206,331,135
109,206,325,135
109,204,323,134
109,203,322,135
109,202,323,134
109,199,325,135
109,199,325,135
109,197,326,135
109,196,325,135
109,191,327,136
109,189,327,135
109,188,327,135
109,187,326,135
109,184,328,135
109,184,327,137
109,184,324,138
109,186,324,139
109,189,323,141
109,189,322,140
109,188,323,140
109,186,324,140
109,183,327,141
109,182,328,141
109,183,328,142
110,185,326,142
113,182,328,144
113,182,327,144
113,180,329,143
113,179,327,143
113,179,327,144
113,178,325,144
113,177,323,144
113,174,325,145
113,174,324,145
113,174,321,147
115,174,320,147
115,172,318,147
115,171,319,148
115,169,317,149
115,168,317,149
116,168,312,149
116,167,312,149
116,167,311,149
116,165,311,150
116,164,310,152
116,164,307,152
116,163,305,152
117,161,306,153
117,159,307,152
117,158,307,154
117,158,306,154
117,157,302,153
117,157,299,154
117,157,296,155
117,155,298,155
117,154,296,156
117,153,292,156
117,153,290,157
117,155,287,157
117,154,288,157
117,150,291,157
117,149,290,157
117,148,291,157
117,148,289,157
117,148,287,158
117,147,287,157
117,147,286,158
117,147,286,160
117,146,285,160
117,146,283,160
117,145,280,163
118,145,277,162
118,144,276,163
119,140,280,163
119,140,278,163
119,140,274,165
119,139,273,166
119,138,272,166
119,136,273,167
119,136,270,166
119,135,271,166
119,134,271,168
119,134,269,169
119,132,270,170
121,131,267,171
121,129,265,170
121,129,263,170
124,129,260,170
124,128,259,171
124,126,261,172
124,124,261,172
124,124,258,172
124,124,252,174
124,123,252,173
125,122,251,174
126,121,251,175
126,120,251,175
126,119,250,175
126,118,248,176
126,117,242,176
126,116,240,177
129,114,242,178
129,112,242,177
129,112,241,178
129,111,240,178
129,111,238,178
129,111,238,178
129,111,236,180
129,111,234,178
129,109,235,181
129,108,234,179
129,107,234,180
131,105,234,183
131,107,232,183
132,105,231,184
132,105,228,184
132,104,225,184
132,103,223,186
132,101,224,187
132,101,224,187
132,100,225,188
132,99,225,189
132,98,223,189
132,98,220,190
135,98,217,190
138,98,215,191
138,97,214,191
139,97,212,192
139,96,207,194
139,96,204,196
141,95,205,197
141,96,203,198
141,96,201,197
140,96,200,198
140,95,199,198
140,93,200,198
140,92,199,198
140,92,198,202
140,91,197,202
141,91,195,202
141,90,193,203
141,90,191,204
141,91,191,203
141,90,190,203
141,91,190,204
144,89,189,204
144,88,188,206
144,84,189,206
144,84,187,206
144,84,184,207
144,84,183,208
144,84,180,208
144,83,176,210
144,83,175,208
144,83,174,210
144,81,176,210
144,81,176,212
143,81,175,212
143,80,176,213
143,78,178,213
146,78,176,213
146,78,174,214
147,77,173,213
147,76,174,214
147,76,173,213
147,76,172,215
147,76,172,214
147,75,172,215
147,75,172,216
146,72,174,217
146,69,176,219
146,68,177,218
147,67,178,220
147,66,177,219
147,66,177,219
147,66,176,221
147,65,176,220
147,65,174,221
147,63,175,221
150,63,173,221
150,62,174,222
150,61,175,221
149,61,174,221
149,61,172,223
149,60,171,222
149,59,172,222
153,59,172,223
153,59,170,223
153,59,168,225
155,59,166,225
157,58,165,225
157,58,164,225
157,58,161,226
157,58,160,227
157,56,161,228
157,55,160,226
157,55,159,227
157,55,158,227
157,55,157,227
157,55,156,228
157,55,153,229
157,54,153,228
157,54,152,228
157,54,152,228
157,53,152,229
157,53,151,229
157,53,150,230
157,53,150,229
157,53,150,229
157,53,149,229
157,52,150,231
157,52,150,230
157,51,150,229
157,51,150,230
157,50,147,233
159,50,146,231
159,49,146,231
159,48,147,233
161,48,146,232
162,48,144,233
165,46,146,234
165,44,147,235
165,44,146,238
165,43,147,237
165,43,145,239
166,43,144,238
166,43,142,239
166,42,141,240
169,42,141,241
169,41,142,241
169,40,142,241
169,40,140,241
169,40,139,242
169,39,139,242
169,39,138,243
169,38,138,243
169,38,137,243
169,38,136,243
168,38,135,243
169,37,135,244
169,37,135,244
169,37,134,246
169,37,134,246
169,35,135,247
172,35,132,248
172,35,130,247
172,35,127,250
175,35,127,249
175,35,126,249
175,35,123,252
175,35,122,253
174,34,122,253
174,33,122,254
174,33,121,254
174,33,119,255
174,31,121,256
174,31,121,260
174,31,121,260
176,31,121,259
176,31,120,263
176,31,119,262
176,31,118,263
176,31,118,262
177,30,116,265
177,30,116,265
177,30,114,267
177,30,113,267
177,30,111,267
177,30,110,267
177,30,109,267
177,30,109,267
177,30,108,267
177,30,108,267
177,30,106,269
177,30,103,268
177,30,102,268
177,29,102,268
180,28,103,269
182,28,102,269
182,28,101,269
183,26,100,269
182,25,101,271
182,24,100,272
182,24,99,274
182,24,95,275
182,24,94,274
182,24,94,275
185,24,93,276
185,24,93,275
185,24,93,276
185,24,93,275
185,23,94,276
186,23,92,276
186,23,91,276
186,23,91,277
186,23,90,278
187,23,88,279
188,23,88,280
190,23,87,280
190,23,86,280
190,23,86,281
190,22,85,281
190,22,85,281
190,22,83,283
190,22,82,283
190,21,82,284
191,21,81,285
191,21,80,284
191,20,79,284
193,19,78,285
193,18,79,284
193,17,76,285
193,17,76,287
193,17,75,287
193,17,75,287
195,17,74,288
196,17,74,289
197,17,74,290
197,17,70,291
198,17,69,292
198,17,69,292
198,17,69,292
198,17,69,294
198,17,69,294
198,17,69,295
198,17,69,293
198,17,69,294
203,17,68,294
203,17,68,295
203,17,68,295
203,17,68,296
203,17,68,296
203,17,68,298
203,17,66,300
205,17,64,298
205,17,64,298
205,17,63,298
205,17,60,298
205,17,59,299
205,17,59,301
205,17,59,302
208,17,59,301
208,17,58,301
211,17,58,302
211,17,57,302
211,17,56,305
211,17,54,305
211,17,52,306
211,17,51,307
211,17,50,307
211,17,50,307
211,17,49,307
211,17,48,309
211,17,47,309
213,17,47,310
213,17,47,310
216,17,47,312
216,16,48,313
216,16,47,312
219,16,47,312
219,16,47,313
219,16,46,313
219,16,45,314
219,16,45,313
219,16,45,314
218,16,45,313
218,15,46,313
218,15,45,315
218,14,45,316
218,14,45,317
218,13,46,316
220,13,46,316
220,13,46,316
222,13,45,317
224,12,46,317
224,12,45,317
224,14,45,317
224,13,46,317
224,13,46,317
224,13,46,318
226,13,46,318
226,13,46,320
226,12,47,320
226,12,47,320
226,12,47,321
228,12,47,322
228,12,47,324
228,12,47,325
228,12,47,324
228,12,47,324
228,12,47,324
228,12,46,325
228,12,46,324
228,12,46,324
228,12,46,324
228,12,45,324
228,12,43,324
228,12,43,324
228,12,43,324
229,12,43,324
231,12,41,324
231,12,41,324
231,12,40,328
231,11,41,327
232,11,41,327
234,10,42,328
234,10,42,328
235,10,42,328
238,10,42,330
238,10,42,329
238,10,40,330
238,10,40,329
238,10,40,329
238,10,40,330
238,10,40,331
240,10,40,331
240,10,39,331
240,10,39,331
240,10,38,332
241,10,38,333
242,10,38,332
242,10,38,333
244,10,38,334
244,9,38,334
244,9,38,335
245,9,38,336
248,9,38,336
248,9,37,337
247,9,37,337
247,9,37,338
247,9,37,338
247,9,37,339
247,9,36,341
247,9,35,340
248,9,35,340
248,9,34,341
248,9,34,340
250,8,35,340
251,8,35,340
249,8,35,340
249,8,35,341
249,8,35,341
249,7,36,342
249,7,36,344
249,7,35,344
249,7,35,345
249,7,35,344
249,7,34,344
249,7,34,345
249,7,34,345
250,7,34,346
252,7,34,347
251,7,33,349
251,7,33,349
251,7,33,349
251,7,33,349
251,7,32,349
251,7,32,352
254,7,32,353
253,7,31,353
253,7,31,354
253,7,28,353
256,7,28,353
256,7,28,354
256,7,27,355
259,7,27,357
259,7,27,358
260,7,27,358
260,7,27,358
260,7,27,359
260,6,26,360
261,6,26,360
261,6,25,361
261,6,25,365
261,6,25,362
261,6,25,364
261,6,25,363
261,6,25,363
264,6,25,365
264,6,24,364
267,6,24,365
267,6,24,365
270,6,24,365
273,6,24,365
273,6,24,366
276,6,24,367
276,6,24,367
279,6,24,367
278,6,24,367
278,6,24,368
278,6,24,369
278,6,24,369
278,6,24,371
278,6,24,370
280,6,24,372
280,6,22,371
280,6,22,372
279,6,22,373
279,6,22,373
281,5,23,373
284,5,22,373
284,5,22,374
283,5,22,375
283,5,22,375
283,5,22,376
284,5,22,376
285,4,22,377
285,4,22,377
286,4,22,377
287,3,22,377
287,3,21,377
287,3,21,378
289,3,21,379
292,3,21,379
292,3,21,380
292,3,21,381
292,3,21,381
292,3,21,381
295,3,21,381
295,3,21,381
295,3,21,381
295,3,21,381
295,3,21,381
295,3,20,382
295,3,19,383
295,3,19,384
295,3,19,385
295,3,19,384
296,3,19,385
296,3,19,385
296,3,18,386
299,3,17,385
299,3,17,386
299,3,17,387
298,3,17,387
298,3,17,389
298,3,17,389
299,3,17,389
299,3,17,389
299,3,16,390
299,3,16,390
299,3,15,391
299,3,15,391
299,3,15,392
299,3,15,393
302,3,15,392
302,3,15,393
302,3,15,394
302,3,15,394
302,3,15,395
308,3,14,395
308,3,14,396
308,3,14,396
310,3,14,396
310,3,14,397
310,3,14,397
310,3,14,399
310,3,14,399
310,3,14,399
310,3,13,399
312,3,13,400
311,3,13,400
314,3,13,401
313,3,13,401
313,3,13,402
313,3,13,401
313,3,13,403
313,3,13,402
313,3,13,403
316,3,13,404
315,3,12,406
315,3,12,407
315,3,12,407
315,3,12,407
314,3,12,409
314,3,12,410
316,3,12,411
315,3,12,412
315,3,12,412
315,3,11,412
315,3,11,412
315,3,11,412
315,2,12,412
315,2,12,413
314,2,12,413
314,2,12,415
314,2,12,416
314,2,12,417
314,2,12,417
314,2,12,417
314,2,12,418
314,2,12,419
314,2,12,418
314,2,12,418
314,2,12,419
314,2,12,419
314,2,12,419
314,2,12,420
314,2,12,421
314,2,12,420
314,2,12,420
314,2,12,422
314,2,12,422
316,2,12,423
316,2,12,424
316,2,12,424
316,2,12,426
316,2,12,426
316,2,12,425
316,2,12,425
316,2,11,426
316,2,11,427
316,2,11,429
315,2,11,429
314,2,11,427
314,2,11,427
315,2,11,427
315,2,11,428
315,2,11,428
315,2,11,427
315,2,11,428
315,2,11,428
314,2,11,429
314,2,11,429
314,2,11,430
314,2,11,430
314,2,11,430
314,2,11,431
314,2,9,431
317,2,9,431
317,2,9,431
317,2,9,431
317,2,9,434
317,2,8,434
317,2,8,435
317,2,8,437
317,2,7,437
317,2,7,439
317,2,7,437
322,2,7,437
323,2,7,438
323,2,7,439
323,2,7,439
326,2,6,441
326,2,6,442
328,2,6,442
328,2,6,443
328,2,6,443
329,2,6,442
329,2,6,442
330,2,6,442
330,2,6,442
330,2,6,443
330,1,7,445
