125,398,0,828
125,398,0,828
125,398,0,828
125,398,0,828
125,398,0,828
125,398,0,828
125,398,0,828
125,398,0,828
125,398,0,828
125,398,1,828
125,398,1,828
125,398,1,828
125,398,1,828
125,398,1,828
125,398,1,828
125,398,2,828
124,398,3,828
124,398,4,828
124,398,6,828
124,398,6,828
124,398,7,828
124,398,7,828
124,398,7,828
124,398,7,828
124,398,8,828
124,398,8,828
124,398,8,828
124,398,9,828
126,398,10,828
126,398,13,828
125,398,17,828
125,398,17,828
125,398,18,828
125,398,18,828
125,398,18,828
124,398,18,828
124,398,18,828
124,398,18,828
127,398,20,828
127,398,21,828
135,398,22,828
133,398,24,828
134,398,26,828
134,398,27,828
134,398,29,828
135,398,30,828
135,398,29,828
134,398,31,828
138,398,31,828
137,398,31,828
137,398,33,828
137,398,32,828
137,398,35,828
137,398,35,828
139,398,35,828
139,398,36,828
139,398,37,828
139,398,39,828
138,398,42,828
138,398,42,828
138,398,43,828
142,398,45,828
142,398,45,828
142,398,46,828
142,398,48,828
139,398,49,828
143,398,54,828
143,398,54,828
146,398,55,828
146,398,56,828
150,398,60,828
151,398,60,828
150,398,60,828
151,398,62,828
151,398,62,828
151,398,65,828
151,398,65,828
149,398,66,828
149,398,68,828
149,398,70,828
151,398,74,828
151,398,76,828
150,398,77,828
154,398,78,828
154,398,79,828
157,398,79,828
157,398,80,828
157,398,81,828
157,398,82,828
157,398,84,828
157,398,84,828
158,398,83,828
158,398,89,828
159,398,90,828
159,398,92,828
161,398,93,828
163,398,96,828
163,398,98,828
163,398,97,828
166,398,98,828
166,398,99,828
167,398,100,828
166,398,100,828
166,398,100,828
164,398,99,828
164,398,100,828
163,398,102,828
162,398,103,828
162,398,103,828
162,398,102,828
165,398,102,828
165,398,103,828
165,398,105,828
165,398,109,828
164,398,108,828
164,398,110,828
163,398,110,828
162,398,109,828
165,398,110,828
165,398,110,828
165,398,109,828
165,398,108,828
164,398,113,828
167,398,113,828
167,398,112,828
167,398,116,828
166,398,121,828
166,398,122,828
165,397,123,828
165,393,127,828
165,391,128,828
164,391,132,828
168,392,133,828
168,391,133,828
168,388,134,828
168,384,137,828
167,382,139,828
167,378,143,828
166,376,145,828
167,377,146,828
171,377,146,828
171,377,146,828
172,376,145,828
172,375,146,828
172,370,150,828
170,370,149,828
170,369,150,828
168,372,152,828
168,372,150,828
168,372,150,828
168,370,152,828
167,370,153,828
166,372,156,828
166,372,156,828
164,374,159,828
164,377,161,828
163,377,160,828
163,375,162,828
163,372,165,828
163,371,166,828
163,370,165,828
162,372,165,828
161,369,166,828
161,368,167,828
159,367,168,828
157,371,169,828
157,370,169,828
157,369,169,828
156,366,171,828
156,365,172,828
156,363,172,828
156,363,172,828
154,361,172,828
154,362,175,828
153,355,182,828
150,353,184,828
150,348,188,828
149,346,188,828
148,343,190,828
148,347,192,828
147,347,189,828
147,346,190,828
147,344,192,828
147,342,193,828
147,344,192,828
147,342,193,828
146,340,194,828
143,338,196,828
142,338,196,828
142,336,198,828
142,334,200,828
142,333,200,828
142,332,201,828
141,331,201,828
141,330,202,828
141,327,204,828
141,325,205,828
140,323,205,828
139,321,204,828
139,321,204,828
138,320,205,828
138,317,206,828
137,314,209,828
137,311,212,828
137,308,214,828
136,307,214,828
136,306,214,828
135,305,215,828
134,304,214,828
134,304,213,828
134,299,217,828
132,298,217,828
132,298,217,828
132,301,218,828
131,301,217,828
135,300,217,828
135,297,220,828
135,295,220,828
135,293,221,828
135,300,221,828
135,302,220,828
135,304,219,828
134,303,220,828
134,308,218,828
133,307,216,828
132,305,216,828
132,308,216,828
132,306,216,828
131,306,215,828
131,305,216,828
131,305,214,828
130,302,216,828
130,300,215,828
130,300,214,828
130,299,213,828
129,298,214,828
129,296,214,828
132,296,213,828
129,294,214,828
129,294,214,828
129,293,212,828
128,294,213,828
128,292,215,828
128,289,218,828
130,288,219,828
130,284,222,828
130,282,221,828
130,281,222,828
129,281,221,828
129,281,221,828
130,277,224,828
130,275,225,828
130,273,227,828
130,271,229,828
130,267,231,828
128,264,233,828
127,264,233,828
127,263,233,828
127,263,232,828
127,263,232,828
127,260,233,828
127,259,234,828
127,258,235,828
127,256,236,828
126,260,239,828
126,260,238,828
126,257,240,828
127,257,239,828
129,255,240,828
129,255,239,828
128,253,242,828
128,253,242,828
128,254,243,828
128,253,243,828
128,251,244,828
131,250,244,828
130,250,244,828
129,249,242,828
127,249,240,828
129,245,240,828
129,250,240,828
131,250,240,828
131,250,239,828
129,250,236,828
129,249,236,828
129,254,235,828
132,253,236,828
131,251,237,828
131,254,235,828
131,254,235,828
130,254,233,828
130,258,233,828
130,256,234,828
130,256,233,828
130,255,233,828
130,254,234,828
130,255,235,828
130,252,238,828
129,255,233,828
128,255,231,828
127,255,230,828
129,254,228,828
129,251,231,828
129,250,232,828
132,249,231,828
132,248,230,828
132,249,228,828
132,248,229,828
133,247,228,828
133,253,227,828
133,252,226,828
132,252,226,828
132,252,225,828
132,251,226,828
132,258,226,828
131,263,224,828
131,260,227,828
131,259,228,828
131,265,228,828
131,264,229,828
130,262,229,828
129,261,230,828
129,268,230,828
127,268,227,828
128,266,228,828
128,264,230,828
128,268,231,828
130,268,229,828
129,268,227,828
128,267,224,828
130,267,224,828
129,267,222,828
129,269,222,828
129,269,220,828
131,267,221,828
131,267,219,828
134,271,219,828
134,269,221,828
133,269,217,828
137,267,216,828
136,266,216,828
135,267,215,828
137,267,213,828
137,268,212,828
137,274,212,828
137,273,212,828
136,271,212,828
136,270,212,828
135,270,210,828
134,268,211,828
134,267,212,828
134,267,210,828
138,265,212,828
138,262,213,828
137,260,213,828
137,259,212,828
137,259,209,828
136,261,210,828
136,257,211,828
135,257,212,828
135,257,212,828
134,255,212,828
134,254,212,828
134,252,214,828
134,254,213,828
133,254,212,828
132,253,211,828
132,258,207,828
132,262,207,828
130,259,210,828
130,256,211,828
130,255,208,828
130,252,211,828
130,252,210,828
130,248,213,828
130,247,214,828
130,246,215,828
130,244,217,828
130,244,214,828
130,244,213,828
130,244,210,828
129,243,211,828
129,243,208,828
129,242,208,828
129,242,205,828
129,242,202,828
129,241,202,828
128,240,203,828
128,239,201,828
128,244,201,828
128,243,199,828
128,241,200,828
128,241,200,828
132,240,199,828
132,240,198,828
132,237,201,828
132,236,201,828
131,234,202,828
133,235,203,828
132,234,203,828
133,234,203,828
133,234,199,828
132,234,197,828
132,231,200,828
136,237,199,828
136,237,194,828
136,236,194,828
137,236,191,828
137,233,192,828
137,234,190,828
136,243,189,828
136,242,188,828
136,240,185,828
136,240,182,828
135,243,182,828
135,243,181,828
135,240,183,828
134,239,182,828
134,238,183,828
133,238,182,828
132,237,182,828
132,235,182,828
132,240,178,828
132,242,182,828
132,239,181,828
132,237,183,828
131,236,184,828
130,236,183,828
130,236,181,828
129,235,180,828
131,240,179,828
131,239,180,828
130,238,181,828
129,239,182,828
128,238,183,828
128,238,182,828
128,238,182,828
127,237,180,828
126,237,179,828
125,237,178,828
124,236,177,828
126,235,178,828
127,242,177,828
131,251,178,828
131,250,179,828
135,252,179,828
135,252,178,828
138,249,181,828
138,248,181,828
138,247,182,828
137,247,181,828
137,248,180,828
137,247,181,828
136,247,181,828
136,247,180,828
135,245,179,828
135,244,179,828
135,242,181,828
134,241,182,828
133,238,185,828
133,238,184,828
133,238,184,828
132,236,185,828
131,235,186,828
131,234,185,828
131,234,183,828
131,232,185,828
131,232,183,828
131,230,185,828
131,230,183,828
135,230,180,828
137,228,182,828
137,227,182,828
137,225,184,828
137,225,181,828
137,225,178,828
137,224,176,828
137,222,177,828
139,231,175,828
139,231,173,828
138,230,173,828
138,230,172,828
138,230,172,828
138,228,172,828
138,228,171,828
138,227,171,828
137,227,171,828
136,226,172,828
135,226,172,828
135,225,173,828
135,222,176,828
134,221,177,828
134,220,177,828
134,218,177,828
134,218,176,828
134,215,177,828
137,214,175,828
137,211,176,828
137,210,176,828
141,206,174,828
141,206,171,828
141,206,170,828
141,204,170,828
141,204,170,828
141,204,167,828
141,203,168,828
139,202,169,828
138,205,169,828
138,203,171,828
138,203,168,828
137,203,166,828
136,203,166,828
136,203,164,828
136,205,162,828
136,205,161,828
135,205,161,828
135,205,161,828
132,208,162,828
132,207,162,828
132,206,161,828
132,205,162,828
132,204,163,828
130,203,162,828
130,202,159,828
130,209,156,828
130,209,154,828
130,208,154,828
130,208,153,828
130,208,153,828
130,207,153,828
130,207,153,828
130,205,155,828
129,204,155,828
129,209,155,828
129,209,154,828
129,205,155,828
129,211,154,828
130,210,155,828
130,215,155,828
130,214,154,828
130,217,153,828
131,215,153,828
130,215,152,828
130,215,152,828
129,212,154,828
128,213,155,828
128,212,154,828
127,211,155,828
127,209,156,828
126,207,155,828
127,207,155,828
127,206,154,828
126,205,154,828
127,205,154,828
130,202,155,828
130,201,155,828
130,198,157,828
130,203,153,828
130,201,155,828
130,198,157,828
129,198,157,828
127,199,155,828
128,196,155,828
128,195,155,828
128,193,156,828
128,193,155,828
128,191,156,828
128,188,159,828
128,186,159,828
127,186,158,828
126,186,158,828
126,186,157,828
126,185,156,828
128,182,159,828
128,182,159,828
128,181,158,828
128,180,157,828
127,179,158,828
125,178,159,828
125,178,158,828
124,178,156,828
123,178,155,828
122,178,155,828
121,177,156,828
121,181,155,828
121,181,155,828
120,181,155,828
121,180,154,828
124,178,154,828
124,181,154,828
124,181,151,828
124,180,151,828
124,180,151,828
124,184,151,828
124,184,150,828
124,183,148,828
124,183,148,828
124,182,149,828
124,181,149,828
124,186,149,828
124,185,149,828
124,183,150,828
123,183,147,828
123,181,149,828
123,181,148,828
123,181,148,828
123,180,147,828
123,180,145,828
122,180,144,828
126,179,145,828
126,179,145,828
125,179,143,828
125,177,144,828
125,182,146,828
124,180,148,828
124,179,149,828
123,179,148,828
123,179,148,828
126,179,146,828
126,179,145,828
125,178,144,828
125,178,144,828
125,178,142,828
125,177,143,828
125,176,144,828
124,176,142,828
127,174,143,828
127,174,141,828
127,173,142,828
131,172,142,828
131,171,141,828
131,170,141,828
130,169,141,828
130,169,140,828
135,167,142,828
134,173,142,828
136,173,142,828
136,173,141,828
136,172,140,828
136,172,139,828
136,171,140,828
135,175,139,828
135,174,139,828
135,174,139,828
135,173,140,828
135,172,139,828
135,172,139,828
135,178,139,828
134,185,139,828
136,185,138,828
136,184,137,828
135,190,135,828
136,190,135,828
136,190,135,828
136,189,136,828
136,193,138,828
136,193,137,828
136,193,137,828
137,192,137,828
137,192,135,828
136,190,137,828
136,188,139,828
135,187,140,828
135,189,139,828
135,188,140,828
135,188,140,828
135,185,142,828
134,182,145,828
134,182,142,828
134,180,141,828
133,179,141,828
133,179,140,828
132,178,139,828
132,178,139,828
132,176,141,828
132,176,140,828
134,174,141,828
133,172,143,828
132,171,143,828
132,170,144,828
132,169,145,828
132,168,146,828
130,168,146,828
132,168,146,828
132,168,146,828
131,167,146,828
130,167,145,828
132,167,145,828
132,166,146,828
132,164,146,828
131,163,147,828
130,163,144,828
130,163,144,828
130,161,143,828
130,160,144,828
130,160,142,828
129,160,140,828
129,159,140,828
129,157,141,828
129,156,142,828
129,155,142,828
129,154,141,828
129,157,143,828
129,157,141,828
129,157,140,828
129,154,142,828
132,158,141,828
132,158,139,828
131,158,138,828
132,158,138,828
131,158,135,828
131,158,134,828
130,157,135,828
130,155,135,828
128,161,135,828
127,161,135,828
127,161,133,828
127,161,131,828
127,160,131,828
127,160,131,828
127,160,131,828
128,159,132,828
128,159,131,828
128,158,132,828
128,158,130,828
127,163,130,828
127,163,129,828
127,163,126,828
127,163,126,828
127,162,126,828
127,161,127,828
127,161,126,828
127,161,125,828
127,160,125,828
127,160,123,828
126,159,123,828
126,158,123,828
126,163,125,828
125,167,126,828
125,167,126,828
124,166,127,828
123,165,128,828
123,166,127,828
123,164,128,828
123,164,124,828
126,164,122,828
126,163,123,828
126,168,124,828
126,166,125,828
126,172,122,828
126,170,124,828
128,170,122,828
128,169,122,828
128,168,123,828
127,167,124,828
126,166,125,828
126,179,124,828
126,178,124,828
126,178,124,828
125,178,124,828
125,177,123,828
124,178,123,828
123,178,120,828
123,178,118,828
123,177,118,828
123,176,119,828
123,176,119,828
126,176,117,828
126,178,118,828
126,178,118,828
126,178,116,828
126,177,116,828
126,176,116,828
126,175,117,828
126,174,118,828
125,174,117,828
125,174,116,828
129,174,115,828
129,172,117,828
129,171,117,828
132,171,116,828
131,171,115,828
131,170,114,828
131,170,112,828
131,169,113,828
131,176,113,828
132,176,112,828
132,176,111,828
132,175,110,828
134,175,110,828
133,175,109,828
132,175,108,828
132,175,107,828
132,174,107,828
130,173,108,828
129,171,109,828
129,177,107,828
129,177,105,828
129,177,105,828
129,177,105,828
129,179,105,828
129,179,104,828
129,178,103,828
129,178,101,828
129,176,102,828
132,176,102,828
131,175,103,828
131,174,104,828
131,173,103,828
131,173,102,828
131,173,101,828
134,173,101,828
134,173,101,828
136,173,100,828
136,172,100,828
136,168,104,828
136,168,102,828
136,167,102,828
136,169,100,828
136,169,99,828
136,169,97,828
135,169,93,828
135,168,94,828
135,168,94,828
133,168,94,828
133,167,95,828
132,167,95,828
134,173,93,828
134,172,93,828
133,177,92,828
132,177,91,828
132,177,90,828
132,177,89,828
131,181,90,828
131,181,88,828
130,181,88,828
130,181,88,828
128,181,88,828
128,181,88,828
131,180,88,828
131,178,88,828
131,178,88,828
131,178,86,828
131,177,87,828
131,177,87,828
130,179,86,828
130,179,85,828
129,179,83,828
129,179,80,828
128,176,83,828
128,176,83,828
128,175,84,828
128,175,83,828
128,175,83,828
127,174,83,828
126,173,81,828
132,172,82,828
132,172,82,828
132,171,82,828
132,171,82,828
132,171,81,828
132,170,82,828
135,169,83,828
135,168,84,828
142,168,81,828
142,167,82,828
142,167,80,828
142,169,80,828
142,168,81,828
142,167,81,828
146,166,80,828
146,166,80,828
145,166,80,828
145,166,80,828
145,166,80,828
145,165,80,828
145,164,81,828
144,163,81,828
144,163,80,828
144,163,80,828
144,162,81,828
143,168,80,828
148,168,80,828
148,168,79,828
148,168,79,828
148,167,79,828
148,166,80,828
148,166,79,828
148,165,79,828
147,165,78,828
147,164,78,828
147,163,79,828
147,162,79,828
147,162,79,828
146,162,77,828
146,165,77,828
146,163,78,828
146,163,76,828
146,161,78,828
145,161,78,828
145,161,78,828
145,161,78,828
145,159,78,828
145,162,77,828
144,161,77,828
144,161,77,828
143,161,75,828
143,160,75,828
144,159,76,828
144,159,75,828
144,158,76,828
152,158,74,828
157,158,74,828
156,157,75,828
156,156,76,828
156,155,76,828
156,154,77,828
160,154,76,828
159,154,76,828
159,151,79,828
157,150,79,828
157,150,77,828
156,150,77,828
155,150,77,828
155,149,78,828
155,155,78,828
155,155,78,828
155,155,77,828
155,155,76,828
154,155,76,828
153,155,75,828
153,154,76,828
153,153,76,828
152,152,76,828
152,151,76,828
152,151,76,828
153,151,74,828
152,150,74,828
152,150,73,828
152,150,73,828
155,150,71,828
155,149,72,828
155,148,73,828
155,151,73,828
154,150,74,828
154,150,74,828
154,150,74,828
153,148,74,828
153,148,74,828
153,148,73,828
153,148,73,828
153,148,72,828
151,147,73,828
151,146,74,828
151,146,74,828
151,145,75,828
150,145,75,828
150,144,76,828
149,144,76,828
151,144,75,828
151,143,76,828
150,142,76,828
150,140,78,828
150,140,78,828
149,138,79,828
148,137,80,828
147,138,80,828
147,135,83,828
147,135,83,828
147,141,82,828
147,141,80,828
147,140,81,828
147,144,81,828
147,151,81,828
147,151,80,828
146,151,80,828
146,153,81,828
145,151,83,828
145,151,82,828
148,151,82,828
148,151,81,828
147,150,82,828
147,150,82,828
146,150,82,828
146,157,81,828
146,157,81,828
145,157,81,828
145,156,82,828
144,155,82,828
144,155,82,828
143,158,82,828
143,160,81,828
142,160,77,828
141,160,77,828
140,160,77,828
137,165,78,828
137,164,79,828
137,163,79,828
137,162,79,828
137,162,78,828
140,161,79,828
140,161,79,828
139,161,79,828
138,160,80,828
138,160,80,828
138,158,82,828
138,157,83,828
138,157,84,828
138,159,84,828
138,159,84,828
138,159,84,828
136,164,84,828
136,164,84,828
136,164,84,828
136,164,82,828
136,163,83,828
135,162,84,828
135,161,85,828
135,160,86,828
135,160,85,828
135,160,85,828
138,160,84,828
138,162,83,828
137,162,83,828
137,162,82,828
137,161,83,828
137,160,84,828
136,159,84,828
135,158,85,828
135,159,85,828
134,159,85,828
134,159,84,828
132,158,85,828
131,161,85,828
130,168,86,828
130,168,85,828
131,170,86,828
130,174,87,828
129,175,87,828
128,175,87,828
130,175,87,828
129,175,86,828
127,174,86,828
125,174,86,828
125,174,84,828
125,174,84,828
125,173,84,828
124,173,84,828
124,173,84,828
123,173,83,828
123,173,82,828
126,173,82,828
126,172,83,828
126,171,83,828
125,170,84,828
125,170,84,828
128,169,85,828
130,169,85,828
130,168,85,828
130,168,84,828
130,168,83,828
130,168,83,828
134,166,85,828
137,164,87,828
136,164,86,828
136,164,86,828
133,163,87,828
132,165,87,828
132,165,87,828
132,163,87,828
132,163,87,828
131,163,87,828
131,162,88,828
130,162,87,828
130,162,87,828
130,161,88,828
130,161,87,828
129,161,86,828
132,160,87,828
131,160,86,828
131,160,84,828
131,159,84,828
131,160,84,828
130,160,82,828
130,159,83,828
130,159,82,828
133,159,82,828
132,157,84,828
132,156,85,828
134,156,84,828
134,156,83,828
134,156,82,828
133,156,82,828
132,156,81,828
132,156,80,828
132,156,80,828
131,156,79,828
131,155,78,828
131,155,77,828
131,155,76,828
131,155,75,828
131,155,74,828
130,153,75,828
130,153,75,828
130,153,75,828
130,152,76,828
130,150,77,828
130,150,77,828
128,150,77,828
128,157,76,828
128,156,76,828
128,156,75,828
128,156,74,828
128,156,74,828
128,156,74,828
128,156,74,828
128,156,72,828
128,156,72,828
128,159,69,828
128,162,69,828
128,162,67,828
128,162,66,828
128,162,65,828
128,161,66,828
128,163,65,828
127,162,66,828
127,161,65,828
127,160,66,828
127,160,66,828
130,159,67,828
130,158,67,828
130,156,68,828
130,156,67,828
130,156,67,828
129,156,66,828
129,161,66,828
129,159,67,828
129,158,66,828
129,157,67,828
129,156,68,828
129,156,67,828
129,156,65,828
129,156,65,828
129,156,64,828
129,156,64,828
130,157,65,828
133,156,66,828
133,156,65,828
132,155,66,828
132,155,66,828
131,160,66,828
131,158,67,828
131,158,67,828
136,157,68,828
136,156,69,828
138,156,69,828
138,154,71,828
137,154,71,828
137,154,71,828
137,154,71,828
137,154,70,828
137,161,70,828
136,160,69,828
136,159,70,828
136,159,70,828
136,159,70,828
136,159,70,828
135,158,70,828
134,161,69,828
134,161,68,828
133,161,68,828
136,165,68,828
136,169,69,828
136,170,71,828
135,170,71,828
136,169,71,828
136,168,72,828
138,166,74,828
138,166,74,828
138,168,75,828
137,168,74,828
137,167,74,828
137,165,76,828
141,165,76,828
142,164,77,828
142,167,74,828
141,167,73,828
141,165,75,828
141,166,75,828
139,165,76,828
139,165,77,828
139,165,77,828
139,165,75,828
139,164,76,828
139,164,76,828
139,163,77,828
141,168,77,828
141,168,77,828
141,168,77,828
145,168,77,828
145,168,75,828
144,168,74,828
144,168,72,828
144,166,74,828
144,166,73,828
143,166,73,828
143,166,72,828
143,165,71,828
143,165,70,828
143,165,70,828
142,167,69,828
141,167,69,828
140,166,70,828
140,168,71,828
140,168,71,828
140,168,70,828
140,168,69,828
140,168,69,828
141,168,69,828
144,167,69,828
144,166,70,828
143,165,70,828
145,165,70,828
145,164,70,828
151,164,70,828
151,163,71,828
151,163,70,828
151,163,70,828
151,163,70,828
151,163,69,828
151,167,69,828
151,172,69,828
151,172,67,828
150,172,67,828
150,172,67,828
150,171,68,828
148,170,69,828
147,169,70,828
146,168,71,828
146,172,71,828
146,171,70,828
145,171,70,828
144,170,71,828
144,170,71,828
144,169,72,828
144,169,71,828
142,169,71,828
142,172,72,828
142,172,72,828
142,171,73,828
142,171,73,828
142,169,75,828
142,168,75,828
141,168,75,828
141,168,75,828
140,168,75,828
139,168,75,828
138,167,74,828
138,167,74,828
138,167,74,828
135,165,76,828
135,169,77,828
135,169,77,828
134,168,77,828
134,178,77,828
134,178,77,828
136,185,77,828
136,188,79,828
136,188,79,828
140,191,79,828
140,190,80,828
140,190,80,828
140,190,80,828
139,190,79,828
139,190,79,828
138,188,81,828
138,188,81,828
138,188,81,828
137,188,81,828
136,188,80,828
136,187,81,828
136,187,79,828
138,187,79,828
138,187,78,828
142,187,77,828
142,186,78,828
142,186,77,828
143,185,78,828
143,185,78,828
144,185,78,828
144,185,76,828
144,185,76,828
144,185,75,828
144,185,74,828
146,185,74,828
146,185,74,828
144,185,74,828
144,188,74,828
144,188,72,828
144,188,72,828
144,187,73,828
143,186,74,828
143,186,74,828
143,186,74,828
143,186,74,828
143,190,75,828
143,190,72,828
142,189,71,828
142,189,71,828
142,189,71,828
142,186,72,828
142,186,71,828
142,186,71,828
143,186,71,828
143,186,71,828
143,186,71,828
143,186,70,828
143,185,71,828
143,185,71,828
143,184,72,828
143,183,73,828
147,183,72,828
147,188,72,828
147,188,72,828
151,188,72,828
151,188,70,828
151,186,72,828
151,186,70,828
151,185,71,828
150,185,71,828
150,185,70,828
154,191,70,828
154,190,71,828
153,190,71,828
152,189,71,828
151,189,70,828
150,192,70,828
149,192,70,828
149,192,70,828
148,191,70,828
147,191,70,828
147,191,69,828
147,191,68,828
146,191,67,828
144,188,69,828
144,188,69,828
143,187,70,828
143,187,70,828
143,187,69,828
143,187,68,828
143,187,68,828
143,187,68,828
143,187,67,828
140,187,66,828
140,187,66,828
139,187,66,828
138,187,66,828
142,186,66,828
142,186,66,828
141,189,66,828
142,189,65,828
142,189,65,828
142,196,65,828
141,196,65,828
142,193,68,828
142,193,67,828
142,193,66,828
142,195,67,828
142,194,68,828
141,198,70,828
141,198,70,828
140,197,71,828
140,197,71,828
140,197,70,828
138,203,70,828
136,203,70,828
135,201,71,828
134,201,70,828
134,201,70,828
133,200,69,828
132,200,69,828
131,200,69,828
131,199,70,828
129,202,72,828
129,202,72,828
129,209,70,828
129,208,69,828
129,209,69,828
129,208,69,828
129,207,70,828
129,207,70,828
128,207,69,828
127,206,70,828
127,204,72,828
127,204,71,828
133,210,71,828
136,209,72,828
136,209,71,828
136,213,71,828
136,212,72,828
136,212,72,828
136,212,72,828
136,212,72,828
136,212,72,828
136,216,72,828
136,215,70,828
138,215,70,828
138,215,70,828
138,215,68,828
138,214,69,828
138,214,69,828
139,213,67,828
139,217,66,828
139,216,67,828
139,214,68,828
139,213,69,828
139,213,68,828
139,213,66,828
139,218,66,828
138,218,66,828
138,217,67,828
138,216,68,828
137,219,67,828
137,218,66,828
136,218,65,828
140,218,64,828
142,225,63,828
144,225,63,828
144,229,63,828
144,226,63,828
144,226,62,828
144,226,62,828
143,226,62,828
143,226,62,828
143,225,62,828
143,224,63,828
142,223,64,828
140,223,64,828
140,223,64,828
140,223,64,828
140,228,65,828
140,227,66,828
140,226,66,828
140,226,66,828
139,226,66,828
137,226,66,828
137,225,67,828
137,224,68,828
137,228,67,828
140,228,67,828
140,227,67,828
140,227,67,828
140,227,67,828
140,225,69,828
140,225,66,828
140,224,67,828
140,224,66,828
139,223,67,828
139,226,68,828
139,225,68,828
139,225,68,828
139,225,68,828
138,225,68,828
136,225,67,828
136,225,65,828
135,224,66,828
137,224,66,828
136,231,65,828
136,230,66,828
136,230,66,828
136,236,67,828
139,234,68,828
138,233,69,828
137,233,68,828
137,232,69,828
137,230,71,828
137,230,71,828
136,230,71,828
135,230,71,828
134,232,71,828
133,232,71,828
132,229,73,828
132,229,73,828
131,229,72,828
131,227,74,828
131,227,73,828
130,227,72,828
130,227,70,828
130,226,71,828
130,226,71,828
129,224,73,828
129,229,75,828
135,229,73,828
135,227,75,828
134,234,75,828
138,234,75,828
138,234,75,828
138,238,76,828
138,240,75,828
137,240,74,828
137,239,75,828
137,238,76,828
140,237,77,828
139,236,78,828
138,240,77,828
138,245,77,828
138,247,75,828
137,247,75,828
137,255,76,828
137,253,77,828
140,252,78,828
140,253,77,828
138,253,77,828
138,253,76,828
137,253,75,828
137,252,76,828
136,252,76,828
136,252,75,828
136,252,75,828
137,268,74,828
137,267,75,828
137,266,76,828
140,266,76,828
140,266,76,828
139,266,75,828
140,265,75,828
140,264,74,828
140,264,74,828
140,262,75,828
139,262,75,828
139,262,74,828
141,261,75,828
141,261,75,828
140,260,76,828
138,265,75,828
138,265,75,828
137,271,75,828
137,269,77,828
135,269,77,828
135,268,77,828
134,268,77,828
134,268,77,828
134,268,76,828
134,268,79,828
133,274,79,828
133,273,80,828
132,270,83,828
132,270,83,828
132,270,83,828
132,269,83,828
132,268,84,828
132,268,84,828
131,266,86,828
131,266,86,828
131,266,86,828
133,278,86,828
133,276,89,828
133,275,90,828
136,274,91,828
135,274,91,828
135,273,91,828
135,273,90,828
135,270,93,828
134,270,91,828
136,270,90,828
136,268,91,828
136,268,90,828
136,273,91,828
136,272,91,828
136,271,92,828
136,277,93,828
136,276,93,828
136,276,92,828
136,275,93,828
136,280,92,828
136,279,92,828
136,278,93,828
136,278,93,828
135,276,95,828
133,275,96,828
131,275,95,828
131,275,95,828
130,275,94,828
130,279,93,828
131,279,93,828
131,278,93,828
131,277,94,828
130,276,95,828
130,274,97,828
130,274,97,828
130,279,97,828
130,287,98,828
130,287,98,828
130,287,97,828
129,286,97,828
128,286,97,828
128,285,98,828
128,282,100,828
128,282,100,828
128,282,100,828
128,282,99,828
128,282,98,828
128,281,99,828
128,281,99,828
128,279,101,828
128,279,101,828
128,278,102,828
127,276,104,828
127,281,104,828
127,280,105,828
130,280,105,828
130,279,106,828
130,282,108,828
130,280,110,828
130,282,110,828
129,282,109,828
128,281,110,828
128,281,109,828
130,281,109,828
130,285,108,828
129,283,110,828
129,283,109,828
129,289,109,828
127,287,111,828
127,286,111,828
127,286,111,828
127,286,109,828
127,285,108,828
127,286,108,828
127,286,108,828
126,283,111,828
128,282,112,828
128,281,113,828
128,283,114,828
128,282,115,828
128,281,115,828
128,280,114,828
128,280,114,828
128,286,112,828
128,285,113,828
128,285,113,828
127,285,113,828
127,289,114,828
128,290,116,828
128,294,116,828
127,292,117,828
126,292,117,828
126,292,116,828
126,291,117,828
125,290,118,828
124,293,118,828
124,292,118,828
123,291,119,828
123,289,121,828
123,289,121,828
123,288,121,828
123,288,121,828
122,295,121,828
122,294,122,828
122,293,122,828
122,292,122,828
122,292,121,828
122,292,121,828
121,292,121,828
121,291,122,828
121,291,121,828
121,290,122,828
121,288,124,828
121,289,123,828
121,287,125,828
121,290,126,828
121,289,127,828
120,288,127,828
120,288,127,828
120,289,126,828
120,289,125,828
120,288,126,828
120,287,127,828
120,286,129,828
119,286,129,828
119,286,128,828
119,286,128,828
119,286,128,828
119,286,127,828
119,293,127,828
121,293,126,828
121,292,127,828
120,290,129,828
121,296,130,828
122,296,129,828
122,295,129,828
125,295,129,828
125,295,128,828
128,295,128,828
128,295,128,828
127,303,127,828
127,301,128,828
127,300,127,828
127,300,127,828
127,298,128,828
126,297,126,828
126,297,126,828
126,296,127,828
126,294,129,828
128,298,130,828
127,296,131,828
127,298,130,828
127,298,129,828
126,296,131,828
126,296,129,828
126,297,130,828
125,297,130,828
124,296,129,828
124,295,130,828
125,294,131,828
125,294,131,828
125,294,131,828
125,293,131,828
125,302,131,828
125,302,130,828
125,300,131,828
125,300,129,828
124,300,128,828
124,300,127,828
123,300,127,828
123,300,124,828
123,298,126,828
123,298,126,828
122,297,126,828
121,303,125,828
121,302,125,828
121,306,125,828
121,308,124,828
120,308,122,828
119,308,122,828
121,308,122,828
121,314,122,828
121,314,122,828
120,317,122,828
122,317,121,828
122,317,120,828
122,318,117,828
122,322,118,828
122,322,118,828
122,321,118,828
122,321,118,828
126,321,118,828
125,321,118,828
124,321,118,828
124,321,118,828
124,326,118,828
124,326,117,828
124,327,117,828
122,325,119,828
122,325,117,828
122,325,117,828
122,324,118,828
122,324,115,828
122,324,114,828
122,324,114,828
122,331,113,828
121,331,113,828
121,338,113,828
121,338,114,828
122,339,112,828
122,339,112,828
125,338,112,828
125,344,112,828
127,344,112,828
126,357,111,828
126,359,111,828
123,358,112,828
123,357,113,828
123,355,114,828
122,355,113,828
121,354,112,828
120,352,114,828
120,352,114,828
120,352,114,828
120,355,113,828
120,354,113,828
119,359,113,828
121,358,114,828
121,357,115,828
121,362,115,828
121,362,115,828
124,361,116,828
123,361,116,828
126,361,115,828
126,369,116,828
126,369,115,828
126,368,116,828
126,375,116,828
125,375,114,828
125,380,114,828
125,379,115,828
123,378,115,828
123,378,114,828
123,378,114,828
122,377,115,828
122,377,115,828
122,378,115,828
122,377,116,828
122,384,116,828
122,383,116,828
121,383,116,828
120,381,117,828
120,381,116,828
120,385,115,828
120,386,115,828
119,392,114,828
119,393,113,828
118,393,111,828
118,393,109,828
117,394,108,828
117,394,108,828
117,393,107,828
117,392,107,828
117,391,108,828
117,390,109,828
117,389,110,828
116,389,109,828
116,387,111,828
116,387,110,828
116,392,110,828
115,392,109,828
115,392,109,828
114,392,108,828
114,391,108,828
114,390,108,828
113,389,109,828
113,389,109,828
112,389,108,828
112,389,107,828
112,388,108,828
111,387,108,828
111,390,108,828
111,395,109,828
110,393,111,828
109,392,112,828
109,394,112,828
108,393,112,828
108,392,111,828
108,391,111,828
108,391,111,828
108,391,110,828
108,391,110,828
107,390,107,828
107,390,107,828
106,398,106,828
106,397,105,828
106,397,104,828
106,397,103,828
105,395,102,828
104,395,102,828
103,394,103,828
102,395,103,828
102,395,102,828
102,394,102,828
102,394,102,828
102,394,101,828
101,392,102,828
101,392,102,828
101,392,102,828
101,392,101,828
101,398,102,828
100,398,102,828
100,397,101,828
100,397,101,828
99,397,101,828
99,397,99,828
99,398,98,828
99,398,98,828
99,398,99,828
98,398,97,828
97,398,99,828
97,398,101,828
97,398,100,828
97,398,100,828
100,398,101,828
100,398,101,828
100,398,101,828
100,398,99,828
100,398,99,828
99,398,97,828
99,398,98,828
98,398,98,828
98,398,98,828
98,398,99,828
98,397,100,828
98,398,98,828
98,398,98,828
97,398,98,828
97,397,98,828
97,397,98,828
97,398,99,828
97,398,99,828
97,398,99,828
97,398,100,828
97,398,99,828
97,398,98,828
96,398,97,828
96,398,97,828
96,398,97,828
94,398,98,828
93,398,98,828
95,398,101,828
99,398,102,828
99,398,104,828
99,398,105,828
98,398,106,828
98,397,106,828
98,396,107,828
98,398,107,828
98,398,106,828
98,398,104,828
98,398,105,828
98,398,103,828
100,398,103,828
102,398,105,828
102,398,105,828
102,396,105,828
100,396,105,828
100,398,105,828
104,398,104,828
103,398,104,828
103,398,105,828
103,398,106,828
103,397,106,828
103,398,105,828
102,398,103,828
102,396,103,828
100,398,101,828
100,398,102,828
99,397,102,828
99,397,100,828
99,398,99,828
100,398,98,828
100,398,96,828
100,398,96,828
100,398,95,828
102,398,95,828
102,398,94,828
101,398,94,828
101,398,97,828
101,398,97,828
101,398,98,828
101,398,98,828
101,398,99,828
101,398,98,828
101,398,98,828
102,398,97,828
102,397,98,828
102,396,99,828
102,398,100,828
102,397,101,828
101,398,101,828
100,397,101,828
100,396,99,828
100,398,99,828
100,398,98,828
102,398,99,828
102,397,100,828
102,398,100,828
101,398,100,828
104,398,101,828
104,398,102,828
104,398,101,828
104,398,100,828
103,398,101,828
103,398,101,828
103,398,99,828
103,398,100,828
103,398,99,828
103,398,97,828
103,398,96,828
101,398,94,828
101,398,95,828
101,398,95,828
101,398,96,828
101,398,96,828
101,398,96,828
105,398,94,828
106,398,94,828
106,398,94,828
106,398,95,828
106,398,93,828
106,398,91,828
108,398,91,828
107,398,91,828
107,398,92,828
107,398,91,828
106,398,90,828
106,398,91,828
106,398,91,828
106,398,91,828
106,398,91,828
106,398,92,828
105,398,92,828
104,398,91,828
104,398,90,828
104,398,89,828
104,398,89,828
104,398,90,828
104,398,90,828
104,398,91,828
104,398,92,828
104,398,93,828
104,398,92,828
104,398,90,828
107,398,90,828
107,398,90,828
107,398,87,828
107,398,88,828
105,398,89,828
105,398,89,828
105,398,88,828
105,398,90,828
104,398,91,828
104,398,92,828
104,398,93,828
104,398,93,828
104,398,93,828
103,398,94,828
103,398,94,828
101,398,94,828
101,398,95,828
101,398,96,828
101,398,97,828
101,398,97,828
101,398,96,828
100,398,96,828
100,398,96,828
100,398,97,828
103,398,98,828
103,398,98,828
103,398,101,828
103,398,102,828
103,398,104,828
103,398,104,828
103,397,105,828
103,398,105,828
103,398,105,828
102,397,105,828
101,396,106,828
101,398,106,828
100,395,109,828
106,395,108,828
106,398,107,828
106,394,111,828
106,393,111,828
106,393,111,828
106,392,112,828
106,392,112,828
106,392,111,828
106,393,111,828
106,398,111,828
106,398,111,828
106,396,112,828
105,396,112,828
104,396,112,828
104,398,112,828
104,397,113,828
104,398,112,828
102,398,112,828
101,398,111,828
101,398,111,828
101,398,111,828
101,398,110,828
101,398,112,828
100,398,114,828
99,397,115,828
98,396,116,828
98,394,118,828
98,394,118,828
97,397,118,828
97,398,116,828
97,398,116,828
97,398,116,828
97,398,116,828
97,397,117,828
94,396,118,828
93,395,118,828
91,398,118,828
91,398,118,828
91,398,118,828
92,397,119,828
91,398,117,828
91,396,118,828
91,398,118,828
90,397,120,828
90,398,121,828
90,397,122,828
90,398,122,828
92,398,123,828
92,397,124,828
92,398,124,828
91,398,124,828
91,398,124,828
91,398,124,828
91,398,124,828
91,398,125,828
91,398,127,828
91,398,126,828
91,398,125,828
91,398,125,828
91,398,125,828
91,398,123,828
91,398,123,828
91,398,124,828
91,398,125,828
91,398,125,828
95,398,124,828
95,398,126,828
94,398,125,828
93,398,124,828
93,398,123,828
93,398,123,828
93,398,123,828
96,398,123,828
96,398,124,828
96,398,125,828
96,398,126,828
95,398,127,828
94,398,126,828
94,398,127,828
94,398,127,828
94,398,126,828
94,398,125,828
94,398,125,828
94,398,123,828
96,398,124,828
95,398,123,828
95,398,124,828
95,398,124,828
95,398,123,828
95,398,123,828
95,398,124,828
95,398,126,828
99,398,124,828
99,397,125,828
99,398,124,828
99,398,126,828
99,398,126,828
99,398,126,828
99,397,127,828
99,397,127,828
98,396,127,828
98,395,125,828
97,395,124,828
97,398,125,828
97,398,125,828
96,398,125,828
95,398,125,828
96,398,125,828
96,398,124,828
95,398,125,828
95,398,124,828
95,397,125,828
95,398,126,828
95,398,124,828
95,398,124,828
95,398,126,828
95,398,126,828
95,398,127,828
95,398,125,828
99,398,125,828
99,398,126,828
99,398,126,828
99,398,126,828
98,398,125,828
101,398,124,828
101,397,125,828
105,397,123,828
105,398,123,828
105,398,121,828
105,398,122,828
105,398,122,828
105,397,123,828
105,395,124,828
104,395,123,828
104,395,122,828
104,395,122,828
104,398,120,828
105,398,120,828
105,398,120,828
105,398,120,828
105,398,119,828
105,398,119,828
105,398,120,828
104,398,118,828
104,398,118,828
104,398,119,828
104,398,120,828
104,398,121,828
104,398,121,828
104,397,121,828
104,398,120,828
104,398,120,828
104,398,121,828
104,398,120,828
104,398,121,828
103,398,120,828
103,398,119,828
102,398,121,828
101,398,121,828
101,398,122,828
100,398,123,828
100,398,124,828
99,398,123,828
99,398,123,828
99,398,121,828
99,396,123,828
97,398,123,828
97,398,123,828
97,397,124,828
97,398,122,828
97,398,120,828
97,398,119,828
97,398,119,828
97,398,118,828
97,398,118,828
97,398,118,828
97,398,118,828
97,398,119,828
100,398,116,828
100,398,114,828
100,398,115,828
100,398,116,828
100,398,116,828
100,398,116,828
100,398,115,828
100,398,115,828
100,398,115,828
98,398,115,828
98,397,116,828
97,398,116,828
97,398,116,828
97,398,116,828
97,397,117,828
97,395,118,828
97,395,118,828
97,398,118,828
99,396,119,828
99,396,119,828
103,392,123,828
101,398,122,828
100,398,123,828
100,398,122,828
100,398,121,828
100,398,122,828
100,398,122,828
99,398,122,828
98,398,122,828
98,398,122,828
98,398,122,828
98,398,121,828
98,398,120,828
98,398,120,828
98,398,119,828
98,398,119,828
97,398,120,828
96,398,119,828
96,398,119,828
96,398,120,828
96,398,119,828
96,398,120,828
96,398,119,828
95,398,119,828
95,398,119,828
95,398,119,828
95,398,118,828
95,398,117,828
95,398,115,828
94,398,113,828
94,398,113,828
94,398,113,828
94,398,114,828
94,398,114,828
94,398,115,828
94,398,116,828
94,398,116,828
94,398,116,828
94,398,115,828
94,398,116,828
97,397,115,828
96,398,115,828
96,398,114,828
94,396,116,828
94,395,117,828
94,398,114,828
94,398,116,828
94,398,116,828
93,398,115,828
93,398,113,828
93,398,113,828
93,398,113,828
92,398,114,828
92,398,115,828
92,398,114,828
92,398,112,828
92,398,111,828
91,398,112,828
91,398,110,828
93,398,112,828
93,398,113,828
93,398,112,828
93,398,113,828
93,398,112,828
92,398,113,828
92,398,113,828
92,398,113,828
92,398,113,828
93,398,112,828
93,398,112,828
93,398,112,828
93,398,110,828
93,398,111,828
93,398,110,828
95,398,110,828
95,398,110,828
94,398,110,828
94,398,110,828
94,398,110,828
94,398,107,828
94,398,108,828
92,398,107,828
92,398,106,828
92,398,106,828
92,398,107,828
90,398,107,828
90,398,106,828
90,398,105,828
90,398,106,828
89,398,107,828
89,398,107,828
89,398,106,828
92,398,106,828
92,398,106,828
92,398,107,828
92,398,108,828
91,398,107,828
91,398,106,828
91,398,105,828
91,398,104,828
91,398,103,828
90,398,103,828
90,398,104,828
89,398,104,828
89,398,105,828
89,398,105,828
89,398,106,828
89,398,107,828
89,398,107,828
89,398,107,828
89,398,108,828
89,398,110,828
89,398,110,828
87,398,111,828
85,398,111,828
85,397,112,828
86,398,113,828
86,398,115,828
86,398,114,828
86,398,114,828
85,398,115,828
85,398,116,828
84,398,115,828
84,398,116,828
84,398,116,828
84,398,116,828
84,398,115,828
84,398,115,828
84,398,115,828
84,398,114,828
84,398,114,828
84,398,113,828
88,398,115,828
88,398,114,828
88,398,116,828
88,398,116,828
88,398,118,828
88,398,117,828
88,398,117,828
88,398,116,828
88,398,116,828
88,398,116,828
87,398,114,828
87,398,114,828
87,398,114,828
87,398,116,828
86,398,116,828
85,398,114,828
85,398,115,828
85,398,115,828
85,398,116,828
85,398,117,828
85,397,118,828
85,398,116,828
85,398,115,828
85,398,116,828
85,398,116,828
85,398,115,828
85,398,115,828
84,398,115,828
84,398,113,828
84,398,112,828
84,398,110,828
88,398,111,828
87,398,111,828
87,398,111,828
87,398,112,828
86,398,111,828
86,398,111,828
86,398,111,828
86,398,111,828
86,398,108,828
86,398,110,828
86,397,111,828
86,398,112,828
86,398,112,828
86,398,112,828
86,398,113,828
86,398,113,828
86,398,114,828
86,398,115,828
86,398,114,828
86,398,114,828
86,398,114,828
86,398,113,828
86,398,114,828
86,398,114,828
88,398,113,828
87,398,114,828
87,398,114,828
87,398,113,828
87,398,114,828
90,398,114,828
90,398,116,828
90,398,116,828
90,398,116,828
89,398,117,828
88,398,117,828
89,398,115,828
89,398,112,828
89,398,111,828
89,398,111,828
89,398,110,828
88,398,110,828
92,398,110,828
92,398,111,828
92,398,112,828
92,398,112,828
92,398,112,828
92,398,112,828
91,398,112,828
91,398,113,828
90,398,113,828
90,398,109,828
90,398,108,828
90,398,107,828
90,398,107,828
90,398,108,828
90,398,107,828
91,398,107,828
91,398,107,828
90,398,107,828
90,398,109,828
90,398,110,828
90,398,112,828
90,398,113,828
90,398,112,828
94,398,111,828
94,398,110,828
96,398,110,828
98,398,110,828
97,398,110,828
97,398,109,828
97,398,109,828
96,398,109,828
96,398,109,828
96,398,109,828
95,398,109,828
95,398,108,828
94,398,108,828
94,398,107,828
94,398,109,828
93,398,110,828
98,398,109,828
98,398,109,828
97,398,110,828
96,398,110,828
96,398,108,828
96,398,108,828
99,398,107,828
101,398,108,828
101,398,110,828
101,398,108,828
101,398,109,828
101,398,110,828
100,398,109,828
99,398,107,828
99,398,107,828
99,398,107,828
99,398,106,828
99,398,106,828
99,398,106,828
98,398,106,828
98,398,105,828
98,398,105,828
97,398,105,828
97,398,106,828
97,398,106,828
97,398,107,828
97,398,106,828
99,398,105,828
99,398,106,828
99,398,107,828
99,398,107,828
99,398,107,828
99,398,108,828
99,398,108,828
99,398,110,828
99,398,109,828
99,398,108,828
99,398,108,828
99,398,108,828
99,398,108,828
99,398,110,828
99,398,111,828
98,398,112,828
97,398,113,828
97,398,113,828
97,398,114,828
97,398,114,828
97,398,114,828
96,398,114,828
96,398,113,828
95,398,113,828
95,398,113,828
95,398,113,828
95,398,113,828
98,398,113,828
98,398,113,828
97,398,113,828
97,398,113,828
97,398,113,828
97,398,115,828
97,398,114,828
97,398,113,828
97,398,113,828
97,398,113,828
97,398,112,828
96,398,112,828
96,398,113,828
96,398,115,828
95,398,114,828
95,398,114,828
97,398,113,828
97,398,113,828
97,398,112,828
97,398,111,828
98,398,112,828
98,398,112,828
98,398,112,828
98,398,112,828
98,398,109,828
97,398,109,828
97,398,109,828
97,398,109,828
97,398,109,828
97,398,109,828
97,398,108,828
97,398,109,828
97,398,108,828
97,398,108,828
97,398,110,828
97,398,111,828
97,398,111,828
97,398,109,828
97,398,109,828
97,398,109,828
97,398,111,828
96,398,110,828
96,398,108,828
96,398,107,828
96,398,107,828
100,398,107,828
99,398,106,828
98,398,108,828
98,398,108,828
98,398,107,828
98,398,107,828
98,398,108,828
97,398,107,828
96,398,107,828
96,398,108,828
96,398,108,828
96,398,108,828
96,398,108,828
96,398,108,828
96,398,109,828
100,398,110,828
100,398,109,828
100,398,109,828
99,398,109,828
98,398,110,828
98,398,110,828
98,398,110,828
97,398,110,828
97,398,109,828
96,398,107,828
96,398,110,828
96,398,111,828
96,398,111,828
96,398,111,828
96,398,111,828
96,398,110,828
96,398,110,828
96,398,109,828
96,398,109,828
96,398,108,828
96,398,108,828
96,398,108,828
96,398,107,828
95,398,108,828
95,398,108,828
94,398,108,828
94,398,109,828
94,398,108,828
93,398,110,828
93,398,108,828
93,398,106,828
93,398,106,828
93,398,108,828
93,398,108,828
93,398,108,828
93,398,106,828
93,398,106,828
93,398,105,828
93,398,104,828
93,398,104,828
93,398,104,828
93,398,104,828
93,398,104,828
92,398,104,828
95,398,104,828
95,398,103,828
95,398,103,828
95,398,103,828
95,398,103,828
95,398,103,828
95,398,103,828
95,398,103,828
95,398,104,828
95,398,104,828
95,398,103,828
95,398,103,828
95,398,104,828
95,398,103,828
94,398,104,828
94,398,105,828
93,398,105,828
96,398,106,828
96,398,106,828
96,396,108,828
96,395,107,828
96,395,107,828
96,395,107,828
100,395,105,828
100,397,107,828
100,396,108,828
99,398,109,828
97,398,108,828
97,398,109,828
96,397,110,828
96,398,107,828
96,397,107,828
96,396,107,828
95,396,107,828
95,398,108,828
99,398,108,828
99,398,108,828
99,398,108,828
99,398,108,828
99,398,108,828
99,398,108,828
99,398,107,828
99,398,107,828
99,398,107,828
98,398,107,828
97,398,107,828
97,398,108,828
97,398,107,828
101,398,107,828
101,398,107,828
100,398,106,828
100,398,106,828
102,398,107,828
102,398,106,828
102,398,107,828
101,398,107,828
101,398,106,828
101,398,106,828
100,397,105,828
100,396,105,828
104,398,103,828
103,396,105,828
102,397,106,828
102,396,106,828
102,396,106,828
102,396,106,828
102,395,106,828
102,394,106,828
101,393,106,828
101,392,107,828
101,390,108,828
101,391,108,828
101,390,108,828
101,388,110,828
101,388,109,828
101,394,108,828
101,394,107,828
101,394,107,828
101,398,108,828
100,398,109,828
100,398,108,828
99,398,106,828
99,398,106,828
99,398,105,828
99,398,105,828
99,398,106,828
98,398,103,828
97,398,102,828
96,398,101,828
96,398,102,828
96,398,102,828
96,398,103,828
96,398,103,828
96,398,103,828
95,398,102,828
95,398,102,828
95,397,103,828
98,398,103,828
98,398,103,828
98,398,103,828
98,398,103,828
97,398,103,828
97,398,105,828
97,398,105,828
97,398,104,828
97,398,103,828
98,398,101,828
98,398,101,828
98,398,100,828
98,398,101,828
102,398,101,828
106,398,101,828
105,398,102,828
105,398,101,828
105,398,101,828
105,398,101,828
105,398,101,828
108,398,103,828
111,398,103,828
111,398,103,828
111,398,99,828
111,398,97,828
111,398,97,828
111,398,96,828
113,398,95,828
112,398,96,828
112,398,96,828
112,398,94,828
112,398,92,828
112,398,92,828
112,398,92,828
112,398,91,828
112,398,91,828
115,398,92,828
115,398,92,828
115,398,93,828
115,398,93,828
114,398,93,828
116,398,90,828
118,398,90,828
118,398,90,828
118,398,89,828
118,398,89,828
118,398,89,828
118,398,88,828
118,398,87,828
118,398,85,828
117,398,84,828
117,398,84,828
117,398,84,828
117,398,82,828
116,398,82,828
116,398,83,828
116,398,83,828
115,398,82,828
115,398,82,828
115,398,83,828
115,398,83,828
115,398,84,828
115,398,82,828
115,398,82,828
115,398,81,828
115,398,81,828
114,398,82,828
114,398,82,828
114,398,81,828
118,398,82,828
118,398,83,828
116,398,83,828
116,398,83,828
116,398,83,828
116,398,84,828
116,398,85,828
118,398,86,828
118,398,85,828
118,398,85,828
116,398,86,828
116,398,87,828
115,398,89,828
115,398,87,828
115,398,88,828
114,398,88,828
114,398,89,828
113,398,90,828
112,398,89,828
111,398,88,828
111,398,87,828
111,398,87,828
112,398,87,828
110,398,86,828
110,398,86,828
110,398,85,828
110,398,85,828
110,398,87,828
112,398,87,828
112,398,87,828
112,398,89,828
112,396,91,828
112,398,91,828
115,398,88,828
115,398,86,828
115,398,84,828
117,398,84,828
117,398,84,828
117,398,84,828
117,398,84,828
117,398,84,828
116,398,84,828
116,398,85,828
116,398,87,828
115,398,87,828
115,398,89,828
114,398,90,828
113,398,89,828
113,398,89,828
113,398,89,828
112,398,90,828
112,398,92,828
112,398,92,828
112,398,92,828
112,398,91,828
112,397,91,828
112,395,92,828
112,395,90,828
110,395,90,828
110,393,92,828
110,398,92,828
109,396,93,828
109,396,92,828
109,395,92,828
109,395,91,828
109,392,94,828
111,398,94,828
111,398,93,828
111,398,92,828
111,398,93,828
111,398,93,828
111,398,93,828
111,398,93,828
111,398,94,828
110,398,94,828
110,398,95,828
110,398,95,828
109,398,95,828
108,398,95,828
108,398,95,828
108,398,95,828
108,398,95,828
108,398,95,828
108,398,95,828
108,398,94,828
108,398,95,828
108,398,96,828
108,398,96,828
108,398,97,828
108,398,97,828
107,398,97,828
109,398,98,828
108,398,98,828
108,398,98,828
108,398,97,828
108,398,96,828
108,398,96,828
108,398,98,828
108,397,99,828
108,398,99,828
108,398,99,828
108,398,99,828
108,398,100,828
108,398,100,828
108,398,100,828
108,398,101,828
108,398,101,828
108,398,100,828
108,398,99,828
108,398,99,828
107,398,100,828
107,398,100,828
107,398,100,828
107,398,100,828
106,398,101,828
107,398,101,828
111,398,100,828
111,398,101,828
111,398,101,828
111,398,101,828
111,398,101,828
110,398,103,828
110,398,103,828
111,398,103,828
111,398,102,828
111,398,102,828
111,398,102,828
111,398,100,828
111,398,100,828
111,398,100,828
111,398,100,828
111,398,99,828
111,398,98,828
111,398,98,828
111,398,98,828
111,398,99,828
111,398,100,828
110,398,99,828
110,398,100,828
110,398,101,828
109,398,101,828
109,398,100,828
109,398,100,828
109,398,100,828
112,398,100,828
112,398,102,828
112,398,102,828
112,398,100,828
112,398,101,828
111,398,102,828
111,398,99,828
115,398,99,828
115,398,99,828
115,398,97,828
115,398,96,828
115,398,96,828
114,398,96,828
114,398,96,828
114,398,96,828
114,398,96,828
114,398,95,828
114,398,94,828
114,398,94,828
117,398,93,828
116,398,92,828
116,398,92,828
116,398,93,828
116,398,93,828
116,398,94,828
119,398,94,828
119,398,93,828
120,398,92,828
120,398,90,828
120,398,90,828
119,398,90,828
119,398,90,828
119,398,90,828
120,398,89,828
120,398,90,828
120,398,90,828
120,397,91,828
124,397,93,828
124,397,91,828
127,397,91,828
130,398,90,828
130,398,90,828
130,397,91,828
130,396,92,828
130,396,92,828
130,398,92,828
131,397,93,828
132,398,94,828
132,398,94,828
132,398,94,828
132,398,94,828
132,398,94,828
131,398,90,828
132,398,90,828
132,398,90,828
132,398,90,828
132,398,89,828
132,398,89,828
131,398,89,828
135,398,89,828
135,398,89,828
138,398,88,828
137,398,88,828
136,398,89,828
135,398,90,828
134,398,91,828
133,398,92,828
131,398,92,828
131,398,93,828
130,398,94,828
130,398,93,828
130,398,91,828
132,398,92,828
132,398,91,828
132,398,91,828
132,398,91,828
132,398,91,828
132,398,90,828
131,398,91,828
131,398,91,828
131,398,91,828
135,398,92,828
135,398,93,828
135,398,93,828
135,398,94,828
134,398,93,828
134,398,93,828
134,398,91,828
134,398,93,828
134,398,93,828
134,398,92,828
134,398,91,828
133,398,90,828
134,398,89,828
134,398,89,828
134,398,87,828
134,398,86,828
134,398,87,828
133,398,86,828
133,398,85,828
133,398,83,828
135,398,85,828
135,398,88,828
135,398,88,828
134,398,88,828
134,398,87,828
133,398,88,828
132,398,87,828
132,398,88,828
132,398,90,828
132,398,91,828
132,398,89,828
132,398,89,828
131,398,89,828
131,398,89,828
131,398,88,828
130,398,87,828
129,398,87,828
131,398,86,828
131,398,86,828
133,398,87,828
133,398,87,828
133,398,87,828
133,398,89,828
133,398,89,828
133,398,87,828
133,398,89,828
133,398,91,828
133,398,89,828
133,398,87,828
132,398,87,828
132,398,87,828
131,398,87,828
130,398,88,828
131,398,89,828
131,398,89,828
131,398,90,828
131,397,89,828
131,398,89,828
131,397,90,828
131,394,91,828
130,398,91,828
130,398,90,828
130,397,91,828
130,398,91,828
130,398,90,828
129,398,89,828
129,398,88,828
129,398,88,828
129,398,88,828
129,398,89,828
129,398,90,828
127,398,90,828
126,398,90,828
126,398,89,828
126,398,88,828
126,398,89,828
124,398,89,828
123,398,88,828
122,397,89,828
122,397,89,828
122,398,89,828
122,398,91,828
121,398,91,828
124,398,91,828
124,398,93,828
125,398,93,828
125,398,93,828
124,398,94,828
123,398,94,828
123,398,93,828
123,398,94,828
123,398,92,828
123,398,92,828
123,397,93,828
122,398,92,828
122,397,94,828
122,395,95,828
122,398,96,828
121,398,96,828
121,398,95,828
120,398,96,828
120,398,96,828
123,398,96,828
123,398,96,828
123,398,96,828
123,398,96,828
123,398,96,828
123,397,97,828
123,398,96,828
123,398,94,828
123,397,94,828
122,398,94,828
120,398,94,828
121,398,94,828
121,398,95,828
121,398,96,828
121,398,97,828
121,398,96,828
120,398,96,828
120,397,97,828
120,397,98,828
119,398,97,828
119,398,98,828
119,398,98,828
119,393,102,828
123,398,102,828
123,397,103,828
123,398,103,828
123,398,103,828
122,398,102,828
122,398,103,828
122,398,103,828
122,398,103,828
122,398,103,828
122,398,103,828
122,398,103,828
119,398,104,828
118,398,104,828
118,398,104,828
118,398,105,828
118,398,104,828
118,398,105,828
118,398,105,828
117,398,106,828
117,398,105,828
117,398,106,828
117,398,108,828
117,396,110,828
115,396,108,828
114,398,107,828
114,398,107,828
114,398,107,828
114,398,107,828
114,397,108,828
114,396,109,828
113,396,109,828
112,395,110,828
111,395,110,828
113,395,109,828
113,395,108,828
113,395,107,828
113,398,108,828
113,397,109,828
112,397,109,828
112,396,110,828
113,396,110,828
114,398,110,828
114,398,110,828
113,397,111,828
113,398,111,828
113,398,111,828
113,397,112,828
113,396,113,828
113,397,115,828
113,397,114,828
113,396,115,828
113,393,118,828
113,396,118,828
113,397,117,828
113,398,117,828
113,398,117,828
113,398,118,828
113,397,118,828
113,398,119,828
113,397,119,828
112,396,120,828
112,396,119,828
112,396,119,828
112,394,120,828
114,398,119,828
114,398,117,828
114,398,119,828
114,398,120,828
114,398,121,828
114,398,121,828
114,398,121,828
117,398,122,828
117,398,122,828
119,398,121,828
119,398,120,828
119,398,118,828
121,398,118,828
123,398,119,828
123,398,119,828
123,398,117,828
123,398,116,828
123,398,118,828
123,398,117,828
123,397,117,828
123,395,118,828
124,394,119,828
124,398,120,828
124,398,120,828
124,398,119,828
124,398,118,828
124,398,119,828
124,398,119,828
124,398,118,828
124,398,118,828
128,398,118,828
128,398,118,828
128,398,123,828
128,397,124,828
128,398,124,828
129,398,121,828
129,398,121,828
129,398,117,828
129,398,118,828
129,397,117,828
129,397,117,828
133,398,118,828
133,398,119,828
133,398,119,828
136,398,120,828
136,398,118,828
135,398,119,828
135,398,119,828
135,398,118,828
135,398,120,828
135,398,120,828
133,398,119,828
133,398,119,828
136,398,120,828
139,398,120,828
139,398,121,828
139,398,121,828
138,398,119,828
138,398,119,828
138,398,118,828
138,398,119,828
136,398,119,828
138,398,119,828
138,398,120,828
138,398,120,828
138,398,120,828
138,398,121,828
138,398,121,828
138,398,122,828
138,396,123,828
137,394,125,828
137,393,125,828
136,392,125,828
137,390,127,828
137,393,126,828
137,392,127,828
137,391,126,828
137,395,127,828
137,395,127,828
137,394,128,828
137,394,126,828
137,394,124,828
136,392,125,828
134,392,125,828
134,391,126,828
134,392,125,828
134,392,125,828
133,397,125,828
137,397,125,828
137,397,125,828
141,398,124,828
141,398,123,828
141,398,123,828
141,398,121,828
139,398,121,828
140,398,120,828
140,398,116,828
140,398,117,828
144,398,116,828
144,398,115,828
145,398,113,828
145,398,113,828
144,398,112,828
144,398,110,828
144,398,110,828
144,397,111,828
144,397,109,828
144,397,107,828
144,397,105,828
144,396,106,828
144,395,107,828
143,395,103,828
143,397,102,828
142,395,104,828
142,398,104,828
142,397,104,828
141,398,103,828
141,398,103,828
141,397,102,828
141,397,100,828
141,396,101,828
140,395,100,828
140,394,99,828
138,398,101,828
137,398,100,828
137,398,102,828
141,397,103,828
141,396,103,828
141,398,103,828
141,398,103,828
140,398,103,828
140,397,104,828
140,395,106,828
139,398,106,828
139,398,106,828
139,398,105,828
139,398,104,828
137,398,104,828
137,397,105,828
135,397,103,828
135,396,104,828
135,396,104,828
135,395,105,828
135,395,105,828
135,393,106,828
134,393,104,828
134,397,105,828
133,398,104,828
133,398,104,828
133,397,103,828
133,397,102,828
134,397,102,828
133,397,102,828
132,397,100,828
132,397,99,828
132,398,99,828
131,398,98,828
130,398,97,828
130,398,97,828
130,398,98,828
129,398,98,828
129,398,96,828
129,398,95,828
129,398,95,828
128,398,95,828
127,398,94,828
127,398,94,828
127,396,96,828
127,396,95,828
127,398,95,828
126,398,95,828
126,398,94,828
125,398,93,828
125,398,94,828
126,398,94,828
126,398,94,828
126,398,93,828
126,398,92,828
126,398,91,828
126,398,90,828
126,398,88,828
126,398,86,828
129,398,84,828
130,398,82,828
130,398,81,828
130,398,80,828
130,398,79,828
130,398,79,828
130,398,78,828
129,398,77,828
128,398,77,828
128,398,75,828
128,398,74,828
129,398,73,828
129,398,72,828
129,398,73,828
129,398,73,828
129,398,73,828
128,398,73,828
128,398,73,828
128,398,73,828
128,398,74,828
128,398,74,828
128,398,75,828
128,398,75,828
128,398,73,828
128,398,73,828
128,398,73,828
128,398,73,828
127,398,73,828
127,398,73,828
127,398,71,828
127,398,74,828
129,398,72,828
128,398,72,828
128,398,73,828
128,398,74,828
128,398,74,828
128,398,74,828
130,398,74,828
130,398,74,828
129,398,73,828
129,398,73,828
129,398,71,828
129,398,71,828
128,398,69,828
128,398,67,828
128,398,68,828
127,398,69,828
127,398,69,828
131,398,70,828
131,398,70,828
135,398,70,828
135,398,67,828
135,398,67,828
135,398,67,828
133,398,68,828
133,398,67,828
132,398,67,828
131,398,69,828
131,398,69,828
133,398,71,828
131,398,71,828
131,398,71,828
134,398,72,828
134,398,73,828
135,398,74,828
135,398,74,828
141,398,76,828
141,398,77,828
140,398,77,828
140,398,77,828
140,398,79,828
140,398,80,828
140,398,81,828
140,398,82,828
138,398,82,828
137,398,83,828
137,398,83,828
141,398,84,828
141,398,85,828
141,398,86,828
140,398,87,828
143,398,86,828
142,398,86,828
142,398,86,828
142,398,84,828
141,398,83,828
141,398,83,828
140,398,83,828
140,398,83,828
144,398,83,828
143,398,83,828
142,398,82,828
144,398,78,828
145,398,80,828
144,398,81,828
144,398,79,828
143,398,80,828
143,398,80,828
143,398,80,828
142,398,80,828
142,398,80,828
146,398,79,828
146,398,79,828
146,398,79,828
146,398,78,828
146,398,78,828
146,398,79,828
146,398,78,828
146,398,77,828
146,398,76,828
145,398,76,828
145,398,75,828
145,398,75,828
145,398,74,828
145,398,73,828
145,398,74,828
145,398,75,828
145,398,76,828
145,398,76,828
145,398,76,828
145,398,76,828
145,398,75,828
145,398,75,828
145,398,76,828
145,398,77,828
145,398,78,828
145,398,79,828
143,398,79,828
143,398,79,828
141,398,79,828
141,398,79,828
141,398,79,828
141,398,79,828
141,398,79,828
143,398,79,828
143,398,79,828
142,398,79,828
141,398,80,828
140,398,80,828
140,398,79,828
140,398,79,828
140,398,78,828
142,398,77,828
140,398,78,828
143,398,76,828
144,398,75,828
145,398,76,828
148,398,76,828
148,398,76,828
148,398,76,828
148,398,77,828
148,398,78,828
148,398,78,828
148,398,79,828
148,398,79,828
148,398,81,828
148,398,83,828
148,398,83,828
148,398,82,828
148,398,82,828
148,398,82,828
148,398,83,828
148,398,85,828
147,398,84,828
147,398,86,828
147,398,86,828
147,398,85,828
147,398,86,828
149,398,85,828
149,398,86,828
149,398,86,828
149,398,87,828
149,398,87,828
147,398,87,828
149,398,87,828
149,398,87,828
149,398,87,828
149,398,87,828
149,398,88,828
148,398,88,828
148,398,88,828
148,398,88,828
148,398,87,828
152,398,87,828
152,398,87,828
155,398,88,828
155,398,89,828
154,398,89,828
154,398,88,828
153,398,88,828
153,398,88,828
153,398,88,828
153,398,87,828
157,398,87,828
157,398,86,828
157,398,86,828
157,398,87,828
157,398,85,828
157,398,87,828
156,398,87,828
156,398,87,828
156,398,86,828
156,398,86,828
156,398,87,828
156,398,86,828
156,398,87,828
155,398,86,828
154,398,86,828
155,398,86,828
155,398,87,828
155,398,87,828
155,398,88,828
153,398,90,828
154,398,88,828
154,398,87,828
154,398,87,828
157,398,87,828
156,398,87,828
156,398,87,828
156,398,87,828
156,398,87,828
156,398,86,828
156,398,88,828
156,398,89,828
156,398,89,828
156,398,90,828
155,398,91,828
155,398,92,828
155,397,93,828
155,395,95,828
155,398,96,828
155,398,96,828
155,398,96,828
155,397,99,828
154,397,97,828
153,398,98,828
153,398,97,828
153,398,97,828
153,398,97,828
152,398,95,828
156,398,96,828
160,397,97,828
160,398,97,828
160,398,97,828
160,398,100,828
158,398,99,828
159,398,100,828
159,398,101,828
158,397,102,828
158,397,102,828
158,396,103,828
158,396,103,828
158,398,103,828
158,398,103,828
157,398,103,828
155,398,104,828
155,398,104,828
155,398,104,828
155,398,105,828
155,398,105,828
155,398,103,828
157,398,106,828
157,398,106,828
157,398,107,828
157,398,107,828
157,398,108,828
157,398,107,828
160,395,109,828
160,394,109,828
159,394,109,828
159,393,110,828
159,396,111,828
158,398,111,828
158,398,110,828
158,398,110,828
164,397,108,828
164,398,107,828
163,397,108,828
163,398,109,828
163,398,108,828
163,398,110,828
163,398,110,828
163,397,110,828
162,398,109,828
160,396,111,828
160,398,112,828
159,398,112,828
159,398,112,828
158,398,112,828
158,398,113,828
158,398,113,828
158,398,113,828
157,398,113,828
157,398,114,828
157,397,115,828
156,396,115,828
158,398,117,828
158,398,117,828
158,398,119,828
159,398,119,828
159,398,119,828
163,398,120,828
163,398,120,828
163,398,120,828
164,398,121,828
164,398,121,828
164,398,123,828
164,398,123,828
165,398,124,828
164,398,124,828
168,398,124,828
168,398,124,828
168,398,125,828
167,398,125,828
167,398,126,828
166,398,126,828
166,398,126,828
165,398,128,828
164,397,128,828
164,397,128,828
164,397,125,828
164,398,125,828
164,398,125,828
164,398,126,828
164,398,125,828
166,398,124,828
165,398,126,828
164,398,126,828
166,398,124,828
166,398,123,828
170,398,121,828
169,398,121,828
169,398,120,828
171,398,121,828
170,398,120,828
169,398,121,828
168,398,120,828
168,398,120,828
168,398,120,828
168,398,120,828
168,398,121,828
167,398,124,828
167,398,124,828
167,398,124,828
166,398,124,828
166,398,124,828
166,398,125,828
166,398,124,828
166,398,122,828
166,398,123,828
166,398,122,828
169,398,122,828
168,398,122,828
168,398,122,828
167,398,123,828
167,398,123,828
167,398,124,828
167,398,123,828
167,398,121,828
166,397,122,828
166,396,122,828
166,396,121,828
164,395,122,828
165,398,122,828
164,398,122,828
163,397,122,828
163,397,121,828
163,397,120,828
162,397,119,828
162,398,119,828
162,397,117,828
161,398,115,828
160,398,115,828
160,397,114,828
161,398,115,828
160,398,112,828
159,398,112,828
159,397,111,828
159,397,110,828
158,395,111,828
158,395,110,828
158,395,110,828
158,395,109,828
158,395,108,828
157,395,107,828
156,394,108,828
156,398,107,828
159,397,107,828
159,397,107,828
161,396,108,828
160,398,107,828
159,398,107,828
159,398,105,828
159,398,105,828
162,398,104,828
162,398,104,828
162,398,104,828
162,398,102,828
162,398,102,828
162,398,102,828
161,398,100,828
161,398,98,828
161,398,97,828
161,398,97,828
161,396,98,828
161,398,99,828
162,398,100,828
162,398,100,828
162,398,100,828
162,398,99,828
162,398,98,828
166,398,98,828
166,398,99,828
166,398,98,828
164,398,97,828
164,398,97,828
164,398,97,828
164,398,97,828
166,398,97,828
170,398,98,828
170,398,98,828
170,398,98,828
170,398,97,828
170,398,97,828
169,398,96,828
169,398,96,828
169,398,97,828
168,398,96,828
168,398,96,828
168,398,96,828
168,398,96,828
172,398,95,828
172,398,95,828
174,398,94,828
177,398,94,828
177,398,94,828
177,398,92,828
177,398,92,828
177,398,93,828
179,398,92,828
180,398,92,828
183,398,90,828
183,398,89,828
183,398,89,828
182,398,88,828
182,398,88,828
182,398,88,828
181,398,89,828
181,398,89,828
181,397,89,828
181,397,89,828
181,398,88,828
181,398,88,828
181,398,87,828
182,398,87,828
182,398,86,828
181,398,86,828
181,398,85,828
181,398,85,828
181,398,85,828
181,398,85,828
181,398,85,828
179,398,85,828
178,398,85,828
177,398,85,828
181,398,83,828
181,398,79,828
181,398,79,828
181,398,79,828
181,398,79,828
181,398,78,828
181,398,79,828
181,398,79,828
177,398,78,828
184,398,77,828
184,398,77,828
184,398,76,828
184,398,77,828
184,398,77,828
183,398,77,828
184,398,79,828
184,398,80,828
184,398,81,828
184,398,80,828
184,398,81,828
184,398,80,828
184,398,80,828
183,398,79,828
183,398,80,828
183,398,79,828
183,398,79,828
183,398,78,828
183,398,78,828
184,398,77,828
184,398,77,828
184,398,75,828
184,398,75,828
184,398,75,828
185,398,74,828
185,398,73,828
189,398,72,828
189,398,72,828
188,398,71,828
188,398,71,828
187,398,71,828
191,398,72,828
191,398,72,828
195,398,72,828
195,398,73,828
194,398,73,828
194,398,74,828
194,398,74,828
193,398,74,828
193,398,76,828
193,398,77,828
193,398,77,828
193,398,77,828
193,398,77,828
197,398,77,828
196,398,76,828
198,398,76,828
198,398,75,828
205,398,75,828
205,398,75,828
206,398,74,828
206,398,73,828
206,398,72,828
205,398,72,828
205,398,72,828
204,398,73,828
204,398,74,828
204,398,74,828
206,398,75,828
206,398,75,828
206,398,74,828
206,398,74,828
206,398,75,828
206,398,76,828
206,398,76,828
206,398,74,828
206,398,74,828
206,398,74,828
205,398,75,828
205,398,75,828
209,398,75,828
208,398,75,828
207,398,76,828
207,398,80,828
207,398,80,828
206,398,80,828
206,398,81,828
206,398,82,828
212,398,83,828
212,398,83,828
215,398,85,828
214,398,83,828
214,398,82,828
213,398,82,828
213,398,82,828
213,398,83,828
213,398,83,828
215,398,83,828
215,398,82,828
216,398,82,828
216,398,82,828
216,398,80,828
219,398,80,828
217,398,80,828
216,398,82,828
216,398,81,828
216,398,81,828
216,398,80,828
216,398,79,828
214,398,80,828
214,398,81,828
213,398,81,828
213,398,82,828
212,398,86,828
212,398,86,828
212,398,87,828
211,398,87,828
210,398,88,828
210,398,88,828
209,398,88,828
211,398,88,828
211,398,87,828
209,398,85,828
209,398,84,828
208,398,84,828
206,398,84,828
206,398,84,828
206,398,83,828
206,398,84,828
207,398,86,828
210,398,87,828
209,398,86,828
207,398,87,828
207,398,86,828
207,398,85,828
207,398,85,828
206,398,85,828
206,398,85,828
205,398,86,828
204,398,86,828
202,398,86,828
201,398,87,828
201,398,87,828
201,398,88,828
201,398,90,828
201,398,91,828
200,398,92,828
202,398,94,828
202,398,94,828
202,398,95,828
204,398,95,828
204,398,96,828
204,398,96,828
204,398,98,828
204,398,97,828
204,398,97,828
204,398,99,828
203,398,100,828
203,398,100,828
203,398,100,828
203,398,100,828
207,398,101,828
207,398,102,828
207,398,101,828
207,398,101,828
207,398,101,828
207,398,101,828
207,398,102,828
207,398,104,828
207,398,103,828
207,398,103,828
207,398,104,828
207,398,104,828
207,398,103,828
206,398,101,828
206,398,101,828
204,398,103,828
204,398,102,828
205,397,104,828
205,398,104,828
205,398,105,828
205,398,105,828
205,398,105,828
205,398,106,828
208,398,106,828
208,398,107,828
208,398,108,828
208,398,107,828
208,398,107,828
208,398,106,828
212,398,106,828
212,398,106,828
211,398,106,828
211,397,108,828
210,395,110,828
210,398,111,828
210,397,111,828
210,398,111,828
213,398,111,828
213,397,112,828
213,396,113,828
213,396,114,828
213,398,117,828
213,398,120,828
213,397,121,828
213,397,120,828
215,397,122,828
215,396,123,828
214,394,125,828
213,398,125,828
211,397,123,828
210,395,125,828
209,397,124,828
209,398,125,828
209,398,126,828
208,398,126,828
213,398,126,828
213,398,125,828
213,397,126,828
212,398,125,828
212,398,124,828
211,397,124,828
210,397,124,828
210,398,124,828
210,397,125,828
210,395,127,828
210,395,126,828
212,395,126,828
211,394,126,828
211,398,125,828
210,397,126,828
210,396,127,828
209,394,129,828
210,393,129,828
210,393,129,828
212,392,130,828
212,391,131,828
211,389,133,828
211,391,134,828
211,388,137,828
211,387,138,828
211,385,140,828
211,385,142,828
219,384,144,828
219,382,145,828
218,383,147,828
218,395,146,828
224,395,147,828
224,394,144,828
224,394,144,828
223,392,146,828
222,390,148,828
222,390,147,828
220,390,147,828
219,389,149,828
219,388,150,828
218,386,152,828
216,386,152,828
217,386,151,828
217,389,149,828
216,388,149,828
216,387,148,828
215,387,148,828
214,387,148,828
214,388,149,828
218,386,148,828
218,385,148,828
220,390,146,828
220,389,147,828
220,389,144,828
219,395,144,828
219,395,144,828
220,393,146,828
222,390,149,828
222,396,148,828
223,395,147,828
223,394,147,828
222,392,149,828
225,388,151,828
229,388,153,828
228,395,147,828
227,394,145,828
227,398,144,828
227,397,144,828
230,394,147,828
228,397,145,828
228,397,145,828
228,394,148,828
228,398,148,828
228,398,147,828
231,398,149,828
231,398,148,828
230,396,150,828
230,394,152,828
230,392,152,828
230,386,158,828
229,393,157,828
232,390,160,828
232,393,161,828
232,392,161,828
231,391,161,828
230,390,161,828
234,389,161,828
233,389,158,828
237,392,158,828
237,392,157,828
237,393,156,828
241,392,153,828
241,393,151,828
241,392,152,828
241,398,152,828
242,398,152,828
242,398,151,828
242,398,151,828
242,398,150,828
242,398,151,828
242,398,148,828
242,398,150,828
242,397,151,828
242,397,150,828
242,397,150,828
242,397,150,828
241,397,149,828
241,398,150,828
240,398,150,828
240,398,148,828
240,398,148,828
240,398,146,828
239,397,145,828
239,398,144,828
239,398,143,828
240,398,143,828
240,398,140,828
240,398,138,828
240,398,137,828
242,398,136,828
241,398,136,828
241,398,134,828
243,398,134,828
243,398,134,828
242,398,135,828
242,398,134,828
242,398,134,828
246,398,134,828
246,398,133,828
246,398,131,828
245,398,131,828
247,398,131,828
250,398,132,828
250,398,132,828
251,398,131,828
251,398,131,828
250,398,130,828
252,398,129,828
252,398,129,828
254,398,129,828
254,398,127,828
254,398,126,828
256,398,126,828
256,398,127,828
256,398,125,828
256,398,124,828
256,398,124,828
256,398,125,828
255,398,126,828
255,396,128,828
255,397,129,828
255,396,131,828
255,396,131,828
254,395,132,828
254,394,133,828
253,392,134,828
252,390,136,828
249,395,138,828
248,393,140,828
248,396,139,828
248,396,139,828
247,395,140,828
245,395,139,828
243,398,138,828
243,398,138,828
242,398,137,828
245,398,136,828
244,398,136,828
245,398,136,828
245,398,136,828
245,398,134,828
244,398,135,828
244,398,136,828
244,398,137,828
243,398,137,828
243,397,138,828
247,398,137,828
247,398,133,828
247,398,133,828
247,398,134,828
246,398,133,828
247,398,134,828
246,397,133,828
244,394,135,828
244,398,135,828
248,398,135,828
247,398,134,828
247,397,135,828
247,398,135,828
247,396,135,828
248,396,133,828
248,395,134,828
248,398,133,828
247,398,133,828
246,398,133,828
245,398,132,828
246,398,133,828
246,398,133,828
245,398,134,828
245,398,133,828
245,398,134,828
245,398,133,828
245,398,133,828
244,398,133,828
243,398,133,828
242,398,135,828
242,398,133,828
242,398,134,828
242,398,133,828
242,398,134,828
240,398,135,828
241,398,133,828
241,398,135,828
241,398,137,828
240,398,137,828
240,398,137,828
240,398,139,828
240,398,139,828
240,398,139,828
239,398,139,828
238,398,141,828
238,398,139,828
237,398,140,828
237,398,140,828
236,396,142,828
236,398,141,828
236,398,141,828
236,396,141,828
235,396,140,828
235,398,141,828
235,397,142,828
239,397,141,828
243,398,143,828
243,397,143,828
246,397,142,828
246,398,140,828
245,398,140,828
244,398,139,828
243,398,140,828
245,398,140,828
243,398,140,828
243,398,137,828
243,398,137,828
243,398,136,828
243,398,136,828
243,398,138,828
243,398,139,828
245,398,139,828
244,397,140,828
244,397,139,828
244,397,139,828
244,394,142,828
244,394,143,828
244,393,143,828
247,396,142,828
246,398,142,828
245,398,142,828
245,398,141,828
245,398,141,828
244,398,141,828
244,398,140,828
242,398,140,828
242,398,141,828
242,398,141,828
242,398,142,828
246,398,142,828
245,398,140,828
244,398,140,828
243,398,140,828
243,398,140,828
247,398,140,828
247,398,140,828
251,398,139,828
251,398,139,828
251,398,138,828
251,398,140,828
256,398,142,828
258,398,143,828
260,398,145,828
260,398,143,828
258,398,141,828
259,398,140,828
259,398,139,828
258,398,137,828
258,398,137,828
257,398,137,828
257,398,137,828
257,398,137,828
255,398,137,828
255,398,137,828
257,398,137,828
263,398,137,828
263,398,136,828
267,398,135,828
267,398,134,828
267,398,135,828
264,398,136,828
264,398,137,828
262,398,137,828
262,398,137,828
262,398,137,828
264,398,137,828
264,398,137,828
262,398,136,828
261,398,137,828
264,398,138,828
263,398,138,828
267,398,138,828
268,398,138,828
268,398,138,828
268,398,138,828
268,398,138,828
268,398,138,828
268,398,138,828
268,398,137,828
268,398,135,828
269,398,133,828
269,398,132,828
268,398,133,828
268,398,132,828
267,398,130,828
267,398,126,828
268,398,123,828
268,398,121,828
267,398,120,828
269,398,120,828
268,398,117,828
267,398,115,828
267,398,115,828
271,398,114,828
271,398,115,828
270,398,114,828
270,398,114,828
270,398,114,828
270,398,114,828
269,398,113,828
273,398,113,828
272,398,113,828
276,398,112,828
276,398,113,828
276,398,114,828
275,398,114,828
274,398,112,828
273,398,112,828
273,398,112,828
272,398,112,828
272,398,111,828
272,398,111,828
275,398,111,828
274,398,110,828
274,398,110,828
274,398,109,828
274,398,110,828
274,398,110,828
274,398,110,828
277,398,110,828
275,398,110,828
273,398,111,828
273,398,112,828
273,398,112,828
273,398,112,828
273,398,109,828
273,398,109,828
270,398,107,828
269,398,106,828
268,398,106,828
268,398,107,828
268,398,105,828
268,398,105,828
268,398,105,828
268,398,106,828
267,398,105,828
267,398,106,828
267,398,107,828
267,398,109,828
270,398,110,828
270,398,110,828
270,398,111,828
270,398,111,828
269,398,112,828
269,398,113,828
268,398,113,828
274,398,115,828
275,398,113,828
274,398,115,828
274,398,116,828
274,398,115,828
273,398,115,828
271,398,115,828
271,398,116,828
273,398,113,828
273,398,112,828
273,398,112,828
273,398,112,828
273,398,113,828
273,398,114,828
271,398,116,828
274,398,117,828
274,398,117,828
274,398,116,828
273,398,117,828
273,398,118,828
271,398,119,828
273,398,118,828
276,398,118,828
273,398,117,828
273,398,117,828
273,398,116,828
274,398,117,828
274,398,116,828
274,398,117,828
272,398,117,828
271,398,119,828
270,398,118,828
269,398,118,828
269,398,116,828
267,398,116,828
267,398,117,828
267,398,118,828
267,398,119,828
265,398,119,828
264,398,116,828
264,398,114,828
267,398,113,828
266,398,113,828
265,398,111,828
265,398,112,828
267,398,113,828
269,398,113,828
269,398,114,828
269,398,115,828
270,398,113,828
273,398,113,828
273,398,114,828
273,398,114,828
273,398,114,828
272,398,113,828
272,398,113,828
272,398,113,828
272,398,114,828
272,398,114,828
272,398,115,828
274,398,114,828
274,398,114,828
273,398,113,828
273,398,113,828
273,398,114,828
273,398,115,828
273,398,115,828
273,398,116,828
274,398,115,828
276,398,114,828
276,398,112,828
279,398,113,828
280,398,109,828
279,398,105,828
278,398,106,828
278,398,105,828
277,397,105,828
277,396,106,828
277,398,106,828
276,398,107,828
277,396,109,828
277,395,110,828
277,395,108,828
277,394,109,828
278,394,109,828
276,394,109,828
276,398,109,828
276,398,109,828
275,398,109,828
279,398,109,828
279,397,110,828
280,394,113,828
280,395,112,828
280,393,114,828
280,393,111,828
280,391,112,828
279,396,111,828
278,395,112,828
278,398,111,828
280,398,111,828
279,398,111,828
281,398,112,828
281,398,113,828
281,398,115,828
286,398,116,828
285,398,116,828
282,395,119,828
282,392,122,828
285,392,123,828
285,392,123,828
285,392,123,828
283,391,124,828
285,398,125,828
284,398,124,828
284,397,124,828
284,396,123,828
284,396,122,828
284,398,122,828
283,396,121,828
282,395,122,828
285,393,125,828
285,394,124,828
287,393,125,828
287,393,123,828
287,394,125,828
287,392,125,828
287,391,125,828
286,396,125,828
286,394,127,828
285,398,129,828
287,398,129,828
289,398,130,828
289,398,130,828
289,398,131,828
286,397,130,828
286,396,129,828
285,396,129,828
287,395,129,828
287,394,129,828
287,395,128,828
285,395,128,828
287,398,128,828
287,398,127,828
287,398,127,828
290,397,127,828
296,397,127,828
294,398,127,828
294,398,131,828
293,397,130,828
293,397,128,828
292,398,126,828
292,398,126,828
292,398,127,828
291,398,126,828
289,398,127,828
289,396,128,828
289,396,128,828
289,396,126,828
289,394,125,828
289,394,124,828
289,396,123,828
289,395,124,828
289,395,123,828
288,398,125,828
287,397,126,828
287,395,127,828
287,393,128,828
289,397,128,828
289,396,129,828
289,398,129,828
292,398,127,828
291,398,126,828
291,398,126,828
289,398,127,828
288,398,127,828
288,397,128,828
287,398,127,828
287,398,127,828
288,398,127,828
291,397,127,828
291,397,127,828
291,397,127,828
290,395,127,828
291,394,127,828
290,397,130,828
289,397,129,828
289,398,130,828
288,397,129,828
292,394,131,828
294,398,133,828
296,398,132,828
292,398,132,828
297,398,131,828
297,398,133,828
297,398,133,828
298,397,135,828
297,397,133,828
297,398,132,828
297,398,133,828
300,395,134,828
300,395,135,828
299,395,135,828
299,395,135,828
299,398,135,828
299,397,135,828
298,398,135,828
298,398,135,828
300,397,136,828
300,398,136,828
300,398,135,828
300,398,136,828
300,398,135,828
300,398,135,828
300,398,136,828
305,398,135,828
308,398,135,828
307,398,137,828
304,397,138,828
304,397,138,828
308,398,138,828
308,398,139,828
316,398,139,828
316,398,140,828
312,398,141,828
312,398,141,828
311,398,141,828
309,393,143,828
309,391,144,828
313,387,146,828
313,385,148,828
312,384,149,828
314,383,148,828
312,381,150,828
315,380,150,828
315,380,150,828
315,385,150,828
319,383,152,828
319,390,152,828
318,391,150,828
318,391,150,828
323,396,152,828
323,398,150,828
323,398,149,828
323,398,147,828
322,398,147,828
322,398,147,828
323,398,147,828
323,398,146,828
322,398,145,828
322,398,145,828
322,398,143,828
324,398,142,828
323,398,142,828
322,398,142,828
322,398,143,828
320,398,143,828
318,398,143,828
321,398,143,828
321,398,144,828
321,398,144,828
318,398,145,828
318,398,144,828
318,398,146,828
318,398,147,828
313,398,147,828
312,398,147,828
311,397,148,828
311,397,147,828
311,397,147,828
315,398,147,828
314,398,144,828
317,398,143,828
317,395,146,828
316,395,146,828
316,392,147,828
316,392,147,828
316,396,148,828
316,398,147,828
316,398,147,828
318,398,149,828
317,398,148,828
316,398,146,828
320,398,145,828
324,396,147,828
322,398,147,828
322,398,146,828
322,398,143,828
322,398,141,828
321,398,142,828
321,398,141,828
323,398,139,828
321,398,142,828
323,398,142,828
326,398,143,828
326,398,141,828
325,398,139,828
327,398,139,828
330,398,138,828
331,398,137,828
331,398,136,828
331,398,136,828
329,398,135,828
329,396,137,828
329,396,136,828
326,398,136,828
326,398,136,828
329,397,137,828
329,397,134,828
329,395,135,828
329,398,137,828
329,398,139,828
330,398,141,828
330,398,144,828
330,397,145,828
329,397,145,828
331,396,146,828
329,394,148,828
330,392,147,828
328,392,146,828
327,391,147,828
327,390,148,828
328,389,149,828
331,396,149,828
330,396,149,828
333,394,151,828
333,394,149,828
333,397,150,828
332,398,150,828
332,398,150,828
331,398,150,828
333,398,148,828
332,398,148,828
332,398,145,828
331,398,143,828
330,398,142,828
330,398,142,828
329,398,140,828
330,398,137,828
333,398,138,828
331,398,138,828
331,398,136,828
330,398,135,828
331,398,134,828
332,398,135,828
332,398,135,828
329,398,135,828
329,398,135,828
329,398,136,828
332,398,137,828
333,398,138,828
332,398,141,828
332,398,141,828
333,398,141,828
333,398,140,828
332,398,139,828
331,398,138,828
331,398,137,828
331,398,136,828
334,398,135,828
341,398,133,828
340,398,133,828
344,398,134,828
344,398,135,828
344,398,135,828
344,398,136,828
344,398,135,828
347,398,134,828
347,398,134,828
347,398,135,828
347,398,136,828
347,398,136,828
347,398,138,828
347,398,138,828
345,398,141,828
345,398,142,828
350,398,143,828
351,398,145,828
351,398,145,828
353,398,143,828
353,398,144,828
353,398,144,828
352,398,141,828
352,398,141,828
352,398,139,828
351,398,139,828
349,398,139,828
347,398,138,828
347,398,136,828
347,398,134,828
346,398,133,828
349,398,136,828
351,398,136,828
351,398,135,828
354,398,134,828
354,398,134,828
354,398,135,828
354,398,137,828
353,398,138,828
353,398,139,828
355,398,138,828
354,398,139,828
354,398,140,828
352,398,140,828
351,398,140,828
351,398,139,828
351,398,140,828
353,398,140,828
353,397,141,828
353,397,142,828
353,396,143,828
353,394,144,828
352,397,145,828
353,398,145,828
353,398,148,828
353,398,148,828
354,398,146,828
353,398,146,828
354,398,144,828
355,398,142,828
355,398,143,828
361,398,143,828
361,398,144,828
363,397,145,828
363,398,143,828
362,397,141,828
362,398,143,828
362,397,146,828
362,398,146,828
362,396,147,828
365,398,146,828
367,398,148,828
365,398,149,828
365,398,148,828
364,398,149,828
362,398,148,828
362,398,149,828
362,397,149,828
362,395,150,828
363,397,153,828
363,396,154,828
363,398,156,828
361,397,157,828
361,396,156,828
359,398,152,828
366,397,152,828
366,395,152,828
365,395,152,828
364,392,151,828
363,393,153,828
362,395,154,828
361,398,156,828
361,398,154,828
363,398,154,828
362,398,155,828
361,398,156,828
361,398,155,828
361,398,155,828
361,398,156,828
360,398,157,828
359,398,159,828
359,398,159,828
357,396,160,828
356,398,159,828
355,396,161,828
356,395,162,828
358,395,161,828
358,395,160,828
358,398,160,828
358,398,160,828
360,396,161,828
362,398,159,828
361,398,158,828
361,396,157,828
361,395,157,828
360,393,159,828
362,391,160,828
360,390,158,828
361,390,157,828
361,390,154,828
360,397,155,828
360,398,153,828
359,398,151,828
359,398,153,828
357,398,151,828
357,397,151,828
357,398,150,828
357,398,148,828
361,398,149,828
361,398,149,828
360,398,148,828
359,398,149,828
357,398,148,828
357,396,150,828
358,396,150,828
358,396,149,828
358,396,148,828
357,398,147,828
361,397,144,828
360,398,143,828
360,397,142,828
361,397,138,828
361,397,135,828
364,398,133,828
366,398,131,828
366,398,130,828
371,398,129,828
370,397,128,828
370,396,129,828
370,398,128,828
373,398,127,828
373,396,130,828
373,392,133,828
373,391,134,828
373,390,134,828
372,390,132,828
372,388,134,828
372,387,134,828
375,387,133,828
375,392,135,828
381,389,137,828
387,387,137,828
388,387,136,828
388,387,135,828
388,385,138,828
386,384,139,828
386,384,139,828
384,384,137,828
385,397,135,828
385,398,134,828
384,396,135,828
383,398,133,828
384,397,134,828
384,395,132,828
384,391,134,828
384,397,134,828
385,396,135,828
392,396,134,828
392,395,134,828
391,394,132,828
391,394,132,828
392,397,132,828
392,395,133,828
392,394,133,828
392,394,133,828
391,395,132,828
393,395,131,828
393,398,130,828
393,398,130,828
393,398,132,828
393,398,132,828
393,398,132,828
394,398,131,828
393,398,132,828
395,398,134,828
392,398,134,828
392,398,134,828
394,398,135,828
394,398,135,828
394,398,135,828
394,398,135,828
394,398,138,828
394,398,137,828
393,398,134,828
398,398,134,828
398,398,133,828
398,398,134,828
398,398,133,828
398,398,135,828
397,398,132,828
398,398,133,828
398,398,135,828
398,398,135,828
398,398,136,828
398,398,138,828
398,398,134,828
398,398,131,828
397,398,129,828
398,398,130,828
396,398,130,828
396,398,129,828
396,398,124,828
398,398,124,828
398,398,124,828
398,398,121,828
398,398,120,828
396,398,118,828
397,398,118,828
398,398,118,828
398,398,120,828
398,398,119,828
398,398,119,828
396,398,118,828
398,398,119,828
398,398,120,828
398,398,120,828
398,398,119,828
398,398,119,828
398,398,119,828
398,398,119,828
398,398,119,828
398,398,120,828
398,398,119,828
398,398,118,828
397,398,118,828
398,398,118,828
398,398,117,828
398,398,117,828
398,398,117,828
398,398,117,828
398,398,117,828
398,398,119,828
398,398,118,828
398,398,115,828
398,398,116,828
398,398,117,828
398,398,114,828
398,398,113,828
398,398,114,828
398,398,114,828
398,398,114,828
398,398,114,828
398,398,113,828
397,398,114,828
397,398,114,828
398,398,112,828
398,398,113,828
398,398,113,828
398,398,114,828
398,398,115,828
398,398,113,828
398,398,113,828
396,398,113,828
396,398,111,828
395,398,111,828
398,398,112,828
398,398,113,828
398,398,111,828
398,398,111,821
398,398,111,821
